﻿<?xml version="1.0" encoding="utf-8"?>
<deployment>
  <id>9149c8e9ce50441dbe8cc02b76c73709</id>
  <author>N/A</author>
  <deployer>OneDeploy</deployer>
  <authorEmail>N/A</authorEmail>
  <message>OneDeploy</message>
  <progress></progress>
  <status>Success</status>
  <statusText></statusText>
  <lastSuccessEndTime>2025-11-04T11:38:42.5546903Z</lastSuccessEndTime>
  <receivedTime>2025-11-04T11:38:34.61086Z</receivedTime>
  <startTime>2025-11-04T11:38:34.9234123Z</startTime>
  <endTime>2025-11-04T11:38:42.5546903Z</endTime>
  <complete>True</complete>
  <is_temp>False</is_temp>
  <is_readonly>True</is_readonly>
  <project_type>OneDeploy</project_type>
  <vsproject_id></vsproject_id>
</deployment>