{"TimeStamp":"2025-11-04T13:44:17Z","SiteName":"sac-02-portal","RequestId":"4cadd5aa-b984-11f0-a5dd-00155d44cd22","Kind":"OneDeploy","Status":"Success","Details":"{\"Id\":\"0a6a564ef473492389fa1c928341ae3a\",\"Status\":4,\"StatusText\":\"\",\"AuthorEmail\":\"N/A\",\"Author\":\"N/A\",\"Message\":\"OneDeploy\",\"Progress\":\"\",\"Deployer\":\"OneDeploy\",\"ReceivedTime\":\"2025-11-04T13:44:02.6099084Z\",\"StartTime\":\"2025-11-04T13:44:03.0161643Z\",\"EndTime\":\"2025-11-04T13:44:17.3463667Z\",\"LastSuccessEndTime\":\"2025-11-04T13:44:17.3463667Z\",\"Complete\":true,\"IsTemporary\":false,\"IsReadOnly\":true,\"SiteName\":\"sac-02-portal\",\"HostName\":\"sac-02-portal.scm.azurewebsites.net\",\"ProjectType\":\"OneDeploy\",\"VsProjectId\":null}"}