{"TimeStamp":"2025-11-04T16:22:41Z","SiteName":"sac-02-portal","RequestId":"6f2e9f72-b99a-11f0-b494-00155dd5f261","Kind":"ZipDeploy","Status":"Failed","Details":"{\"Id\":\"d7e43da1c7744de29e91ff7cfdf15753\",\"Status\":3,\"StatusText\":\"\",\"AuthorEmail\":\"N/A\",\"Author\":\"N/A\",\"Message\":\"Created via a push deployment\",\"Progress\":\"\",\"Deployer\":\"ZipDeploy\",\"ReceivedTime\":\"2025-11-04T16:22:32.8624569Z\",\"StartTime\":\"2025-11-04T16:22:33.7061588Z\",\"EndTime\":\"2025-11-04T16:22:41.8299516Z\",\"LastSuccessEndTime\":null,\"Complete\":true,\"IsTemporary\":false,\"IsReadOnly\":true,\"SiteName\":\"sac-02-portal\",\"HostName\":\"sac-02-portal.scm.azurewebsites.net\",\"ProjectType\":\"BASIC\",\"VsProjectId\":null}"}