<step title="Incoming Request" date="2025-11-04T10:35:26.247" instance="fb67a8" url="/api/publish?type=zip" method="POST" type="request" pid="2144,2,27" Cache-Control="no-cache" Content-Length="16147582" Content-Type="application/octet-stream" Accept="*/*" Accept-Encoding="gzip, deflate" Authorization="Bea..." Host="sac-02-portal.scm.azurewebsites.net" User-Agent="AZURECLI/2.77.0 (RPM)" x-ms-client-request-id="f6a0fa76-b969-11f0-a614-00155db874b6" X-ARR-LOG-ID="f6a0fa76-b969-11f0-a614-00155db874b6" CLIENT-IP="20.42.18.188:20634" X-SITE-DEPLOYMENT-ID="sac-02-portal" WAS-DEFAULT-HOSTNAME="sac-02-portal.scm.azurewebsites.net" X-Forwarded-Proto="https" X-AppService-Proto="https" X-Forwarded-TlsVersion="1.3" X-WAWS-Unencoded-URL="/api/publish?type=zip" >
  <step title="Cleanup Xml Logs" date="2025-11-04T10:35:26.418" /><!-- duration: 50ms -->
  <step title="OneDeploy" date="2025-11-04T10:35:27.262" >
    <step title="Starting PushDeployAsync" date="2025-11-04T10:35:27.453" /><!-- duration: 30ms -->
    <step title="Updating shutdown sentinel last write time" date="2025-11-04T10:35:27.870" SemaphoreCount="7" /><!-- duration: 16ms -->
    <step title="LockFile &apos;C:\home\site\locks\deployments.lock&apos; acquired" date="2025-11-04T10:35:27.933" /><!-- duration: 16ms -->
    <step title="Saving request content to C:\local\Temp\zipdeploy\fcmswywm.zip" date="2025-11-04T10:35:27.980" >
      <step title="Total 16,147,582 bytes written to C:\local\Temp\zipdeploy\fcmswywm.zip" date="2025-11-04T10:35:29.718" /><!-- duration: 20ms -->
    </step><!-- duration: 1770ms -->
    <step title="LockFile &apos;C:\home\site\locks\deployments.lock&apos; released" date="2025-11-04T10:35:29.765" /><!-- duration: 16ms -->
    <step title="Deleting shutdown sentinel file" date="2025-11-04T10:35:29.781" SemaphoreCount="8" /><!-- duration: 16ms -->
    <step title="Starting FetchDeploy" date="2025-11-04T10:35:29.812" /><!-- duration: 0ms -->
    <step title="Attempting to fetch target branch HEAD" date="2025-11-04T10:35:29.827" /><!-- duration: 0ms -->
    <step title="Updating shutdown sentinel last write time" date="2025-11-04T10:35:29.861" SemaphoreCount="7" /><!-- duration: 14ms -->
    <step title="LockFile &apos;C:\home\site\locks\deployments.lock&apos; acquired" date="2025-11-04T10:35:29.874" /><!-- duration: 0ms -->
    <step title="Performing fetch based deployment" date="2025-11-04T10:35:29.922" >
      <step title="Creating temporary deployment" date="2025-11-04T10:35:29.922" /><!-- duration: 234ms -->
      <step title="Fetching changes." date="2025-11-04T10:35:30.390" /><!-- duration: 16ms -->
      <step title="Starting LocalZipHandler" date="2025-11-04T10:35:30.437" /><!-- duration: 18ms -->
      <step title="Starting LocalZipFetch" date="2025-11-04T10:35:30.468" /><!-- duration: 16ms -->
      <step title="Cleaning up temp folders from previous zip deployments and extracting pushed zip file C:\local\Temp\zipdeploy\fcmswywm.zip (15.40 MB) to C:\local\Temp\zipdeploy\extracted" date="2025-11-04T10:35:30.484" /><!-- duration: 15ms -->
      <step title="Cleaning up temp folders from previous zip deployments and extracting pushed zip file C:\local\Temp\zipdeploy\fcmswywm.zip (15.40 MB) to C:\local\Temp\zipdeploy\extracted" date="2025-11-04T10:35:30.499" >
        <step title="Renaming extractTargetDirectory(C:\local\Temp\zipdeploy\extracted) to tempDirectory(C:\local\Temp\zipdeploy\52l5gp20.enb)" date="2025-11-04T10:35:30.515" /><!-- duration: 0ms -->
        <step title="Extracting 189 entries to C:\local\Temp\zipdeploy\extracted directory" date="2025-11-04T10:35:30.797" >
          <step title="Extracting to C:\local\Temp\zipdeploy\extracted\cs\Microsoft.CodeAnalysis.CSharp.resources.dll ..." date="2025-11-04T10:35:30.827" /><!-- duration: 80ms -->
          <step title="Extracting to C:\local\Temp\zipdeploy\extracted\cs\Microsoft.CodeAnalysis.resources.dll ..." date="2025-11-04T10:35:30.937" /><!-- duration: 31ms -->
          <step title="Extracting to C:\local\Temp\zipdeploy\extracted\de\Microsoft.CodeAnalysis.CSharp.resources.dll ..." date="2025-11-04T10:35:30.987" /><!-- duration: 30ms -->
          <step title="Extracting to C:\local\Temp\zipdeploy\extracted\de\Microsoft.CodeAnalysis.resources.dll ..." date="2025-11-04T10:35:31.047" /><!-- duration: 30ms -->
          <step title="Extracting to C:\local\Temp\zipdeploy\extracted\de\Microsoft.Data.SqlClient.resources.dll ..." date="2025-11-04T10:35:31.109" /><!-- duration: 31ms -->
          <step title="Omitting extracting file traces ..." date="2025-11-04T10:35:31.188" /><!-- duration: 50ms -->
        </step><!-- duration: 5096ms -->
      </step><!-- duration: 5406ms -->
      <step title="None repository commit" date="2025-11-04T10:35:35.942" >
        <step title="Commit id: a960d58795324635afd87fcfa19fcd8c" date="2025-11-04T10:35:35.952" Message="OneDeploy" AuthorName="N/A" AuthorEmail="N/A" /><!-- duration: 20ms -->
      </step><!-- duration: 30ms -->
      <step title="Before sending BuildRequestReceived status to /api/updatedeploystatus" date="2025-11-04T10:35:35.973" /><!-- duration: 11ms -->
      <step title="DeploymentManager.Deploy(id:a960d58795324635afd87fcfa19fcd8c)" date="2025-11-04T10:35:36.003" >
        <step title="Collecting changeset information" date="2025-11-04T10:35:36.031" /><!-- duration: 159ms -->
        <step title="Updating submodules" date="2025-11-04T10:35:36.202" >
          <step title="Updating submodules." date="2025-11-04T10:35:36.406" /><!-- duration: 0ms -->
        </step><!-- duration: 219ms -->
        <step title="Preparing deployment for commit id &apos;a960d58795&apos;." date="2025-11-04T10:35:36.534" /><!-- duration: 30ms -->
        <step title="Determining deployment builder" date="2025-11-04T10:35:36.687" >
          <step title="Builder is OneDeployBuilder" date="2025-11-04T10:35:36.718" /><!-- duration: 0ms -->
        </step><!-- duration: 47ms -->
        <step title="Copying SSH keys" date="2025-11-04T10:35:36.749" /><!-- duration: 16ms -->
        <step title="Building" date="2025-11-04T10:35:36.781" >
          <step title="Running build. Project type: OneDeploy" date="2025-11-04T10:35:36.859" /><!-- duration: 0ms -->
          <step title="Copying the manifest" date="2025-11-04T10:35:36.938" /><!-- duration: 15ms -->
          <step title="Clean deploying to C:\home\site\wwwroot" date="2025-11-04T10:35:37.031" /><!-- duration: 18ms -->
          <step title="Generating deployment script." date="2025-11-04T10:35:37.171" /><!-- duration: 16ms -->
          <step title="Generating deployment script" date="2025-11-04T10:35:37.203" >
            <step title="Using cached version of the deployment script for command: -y --no-dot-deployment -r &quot;C:\local\Temp\zipdeploy\extracted&quot; -o &quot;C:\home\site\deployments\tools&quot; --basic --sitePath &quot;C:\local\Temp\zipdeploy\extracted&quot;" date="2025-11-04T10:35:37.453" /><!-- duration: 20ms -->
            <step title="Using cached version of deployment script (command: &apos;azure -y --no-dot-deployment -r &quot;C:\local\Temp\zipdeploy\extracted&quot; -o &quot;C:\home\site\deployments\tools&quot; --basic --sitePath &quot;C:\local\Temp\zipdeploy\extracted&quot;&apos;)." date="2025-11-04T10:35:37.484" /><!-- duration: 16ms -->
          </step><!-- duration: 313ms -->
          <step title="Running deployment command..." date="2025-11-04T10:35:37.656" /><!-- duration: 0ms -->
          <step title="Command: &quot;C:\home\site\deployments\tools\deploy.cmd&quot;" date="2025-11-04T10:35:37.671" /><!-- duration: 32ms -->
          <step title="Executing external process" date="2025-11-04T10:35:37.784" type="process" path="starter.cmd" arguments="&quot;C:\home\site\deployments\tools\deploy.cmd&quot;" >
            <step title="Handling Basic Web Site deployment." date="2025-11-04T10:35:41.218" /><!-- duration: 127ms -->
            <step title="Creating app_offline.htm" date="2025-11-04T10:35:41.578" /><!-- duration: 49ms -->
            <step title="KuduSync.NET from: &apos;C:\local\Temp\zipdeploy\extracted&apos; to: &apos;C:\home\site\wwwroot&apos;" date="2025-11-04T10:35:41.749" /><!-- duration: 109ms -->
            <step title="Copying file: &apos;appsettings.json&apos;" date="2025-11-04T10:35:41.958" /><!-- duration: 10ms -->
            <step title="Copying file: &apos;CustomerSite&apos;" date="2025-11-04T10:35:42.171" /><!-- duration: 68ms -->
            <step title="Copying file: &apos;CustomerSite.deps.json&apos;" date="2025-11-04T10:35:42.440" /><!-- duration: 30ms -->
            <step title="Copying file: &apos;CustomerSite.dll&apos;" date="2025-11-04T10:35:43.084" /><!-- duration: 543ms -->
            <step title="Copying file: &apos;CustomerSite.pdb&apos;" date="2025-11-04T10:35:44.874" /><!-- duration: 19ms -->
            <step title="Copying file: &apos;CustomerSite.runtimeconfig.json&apos;" date="2025-11-04T10:35:44.924" /><!-- duration: 30ms -->
            <step title="Copying file: &apos;DataAccess.dll&apos;" date="2025-11-04T10:35:45.004" /><!-- duration: 11ms -->
            <step title="Copying file: &apos;DataAccess.pdb&apos;" date="2025-11-04T10:35:45.046" /><!-- duration: 0ms -->
            <step title="Copying file: &apos;Services.dll&apos;" date="2025-11-04T10:35:45.078" /><!-- duration: 0ms -->
            <step title="Copying file: &apos;Services.pdb&apos;" date="2025-11-04T10:35:45.093" /><!-- duration: 0ms -->
            <step title="Copying file: &apos;wwwroot\Contoso-loggedin.png&apos;" date="2025-11-04T10:35:45.109" /><!-- duration: 16ms -->
            <step title="Copying file: &apos;wwwroot\contoso-sales.png&apos;" date="2025-11-04T10:35:45.124" /><!-- duration: 16ms -->
            <step title="Copying file: &apos;wwwroot\favicon.ico&apos;" date="2025-11-04T10:35:45.156" /><!-- duration: 20ms -->
            <step title="Copying file: &apos;wwwroot\css\customer-custom.css&apos;" date="2025-11-04T10:35:45.203" /><!-- duration: 0ms -->
            <step title="Copying file: &apos;wwwroot\css\customer-site.css&apos;" date="2025-11-04T10:35:45.218" /><!-- duration: 0ms -->
            <step title="Copying file: &apos;wwwroot\css\Error\font-awesome.min.css&apos;" date="2025-11-04T10:35:45.234" /><!-- duration: 0ms -->
            <step title="Copying file: &apos;wwwroot\css\Error\style.css&apos;" date="2025-11-04T10:35:45.249" /><!-- duration: 0ms -->
            <step title="Copying file: &apos;wwwroot\css\font-awesome\css\font-awesome.css&apos;" date="2025-11-04T10:35:45.281" /><!-- duration: 16ms -->
            <step title="Copying file: &apos;wwwroot\css\font-awesome\css\font-awesome.min.css&apos;" date="2025-11-04T10:35:45.312" /><!-- duration: 0ms -->
            <step title="Copying file: &apos;wwwroot\css\font-awesome\fonts\fontawesome-webfont.eot&apos;" date="2025-11-04T10:35:45.328" /><!-- duration: 0ms -->
            <step title="Copying file: &apos;wwwroot\css\font-awesome\fonts\fontawesome-webfont.svg&apos;" date="2025-11-04T10:35:45.343" /><!-- duration: 16ms -->
            <step title="Copying file: &apos;wwwroot\css\font-awesome\fonts\fontawesome-webfont.ttf&apos;" date="2025-11-04T10:35:45.374" /><!-- duration: 17ms -->
            <step title="Copying file: &apos;wwwroot\css\font-awesome\fonts\fontawesome-webfont.woff&apos;" date="2025-11-04T10:35:45.406" /><!-- duration: 0ms -->
            <step title="Copying file: &apos;wwwroot\css\font-awesome\fonts\fontawesome-webfont.woff2&apos;" date="2025-11-04T10:35:45.421" /><!-- duration: 16ms -->
            <step title="Copying file: &apos;wwwroot\css\font-awesome\fonts\FontAwesome.otf&apos;" date="2025-11-04T10:35:45.453" /><!-- duration: 16ms -->
            <step title="Copying file: &apos;wwwroot\js\clipboard.min.js&apos;" date="2025-11-04T10:35:45.468" /><!-- duration: 16ms -->
            <step title="Copying file: &apos;wwwroot\js\script.js&apos;" date="2025-11-04T10:35:45.499" /><!-- duration: 0ms -->
            <step title="Copying file: &apos;wwwroot\js\site.js&apos;" date="2025-11-04T10:35:45.549" /><!-- duration: 13ms -->
            <step title="Copying file: &apos;wwwroot\lib\bootstrap\customer-offcanvas.css&apos;" date="2025-11-04T10:35:45.599" /><!-- duration: 10ms -->
            <step title="Copying file: &apos;wwwroot\lib\bootstrap\LICENSE&apos;" date="2025-11-04T10:35:45.624" /><!-- duration: 0ms -->
            <step title="Copying file: &apos;wwwroot\lib\bootstrap\offcanvas.js&apos;" date="2025-11-04T10:35:45.640" /><!-- duration: 16ms -->
            <step title="Copying file: &apos;wwwroot\lib\bootstrap\5.3.0\css\bootstrap-grid.css&apos;" date="2025-11-04T10:35:45.671" /><!-- duration: 0ms -->
            <step title="Copying file: &apos;wwwroot\lib\bootstrap\5.3.0\css\bootstrap-grid.css.map&apos;" date="2025-11-04T10:35:45.687" /><!-- duration: 0ms -->
            <step title="Copying file: &apos;wwwroot\lib\bootstrap\5.3.0\css\bootstrap-grid.min.css&apos;" date="2025-11-04T10:35:45.703" /><!-- duration: 16ms -->
            <step title="Copying file: &apos;wwwroot\lib\bootstrap\5.3.0\css\bootstrap-grid.min.css.map&apos;" date="2025-11-04T10:35:45.734" /><!-- duration: 16ms -->
            <step title="Copying file: &apos;wwwroot\lib\bootstrap\5.3.0\css\bootstrap-grid.rtl.css&apos;" date="2025-11-04T10:35:45.765" /><!-- duration: 0ms -->
            <step title="Copying file: &apos;wwwroot\lib\bootstrap\5.3.0\css\bootstrap-grid.rtl.css.map&apos;" date="2025-11-04T10:35:45.812" /><!-- duration: 0ms -->
            <step title="Copying file: &apos;wwwroot\lib\bootstrap\5.3.0\css\bootstrap-grid.rtl.min.css&apos;" date="2025-11-04T10:35:45.828" /><!-- duration: 0ms -->
            <step title="Copying file: &apos;wwwroot\lib\bootstrap\5.3.0\css\bootstrap-grid.rtl.min.css.map&apos;" date="2025-11-04T10:35:45.859" /><!-- duration: 0ms -->
            <step title="Copying file: &apos;wwwroot\lib\bootstrap\5.3.0\css\bootstrap-reboot.css&apos;" date="2025-11-04T10:35:45.874" /><!-- duration: 0ms -->
            <step title="Copying file: &apos;wwwroot\lib\bootstrap\5.3.0\css\bootstrap-reboot.css.map&apos;" date="2025-11-04T10:35:45.890" /><!-- duration: 16ms -->
            <step title="Copying file: &apos;wwwroot\lib\bootstrap\5.3.0\css\bootstrap-reboot.min.css&apos;" date="2025-11-04T10:35:45.921" /><!-- duration: 0ms -->
            <step title="Copying file: &apos;wwwroot\lib\bootstrap\5.3.0\css\bootstrap-reboot.min.css.map&apos;" date="2025-11-04T10:35:45.937" /><!-- duration: 0ms -->
            <step title="Copying file: &apos;wwwroot\lib\bootstrap\5.3.0\css\bootstrap-reboot.rtl.css&apos;" date="2025-11-04T10:35:45.953" /><!-- duration: 16ms -->
            <step title="Copying file: &apos;wwwroot\lib\bootstrap\5.3.0\css\bootstrap-reboot.rtl.css.map&apos;" date="2025-11-04T10:35:45.984" /><!-- duration: 0ms -->
            <step title="Copying file: &apos;wwwroot\lib\bootstrap\5.3.0\css\bootstrap-reboot.rtl.min.css&apos;" date="2025-11-04T10:35:45.999" /><!-- duration: 0ms -->
            <step title="Copying file: &apos;wwwroot\lib\bootstrap\5.3.0\css\bootstrap-reboot.rtl.min.css.map&apos;" date="2025-11-04T10:35:46.015" /><!-- duration: 16ms -->
            <step title="Copying file: &apos;wwwroot\lib\bootstrap\5.3.0\css\bootstrap-utilities.css&apos;" date="2025-11-04T10:35:46.063" /><!-- duration: 20ms -->
            <step title="Omitting next output lines..." date="2025-11-04T10:35:46.174" /><!-- duration: 13ms -->
            <step title="Finished successfully." date="2025-11-04T10:35:47.045" /><!-- duration: 30ms -->
          </step><!-- duration: 9335ms -->
          <step title="Build completed succesfully." date="2025-11-04T10:35:47.259" /><!-- duration: 0ms -->
          <step title="Running post deployment command(s)..." date="2025-11-04T10:35:47.417" /><!-- duration: 14ms -->
          <step title="Requesting site restart" date="2025-11-04T10:35:47.681" /><!-- duration: 0ms -->
          <step title="Requesting site restart" date="2025-11-04T10:35:47.697" /><!-- duration: 16ms -->
          <step title="Requesting site restart. Attempt #1" date="2025-11-04T10:35:47.853" /><!-- duration: 18ms -->
          <step title="Requesting site restart. Attempt #1" date="2025-11-04T10:35:47.901" /><!-- duration: 20ms -->
          <step title="Successfully requested a restart. Attempt #1" date="2025-11-04T10:35:50.250" /><!-- duration: 30ms -->
          <step title="Successfully requested a restart. Attempt #1" date="2025-11-04T10:35:50.310" /><!-- duration: 12ms -->
          <step title="Deployment successful. DEPLOYMENTINFO: deploymentPath = OneDeploy, deployer = OneDeploy, os = windows, sku = Basic, siteName = sac-02-portal, siteHostName = sac-02-portal.azurewebsites.net, deploymentStatus = Success" date="2025-11-04T10:35:50.511" /><!-- duration: 0ms -->
        </step><!-- duration: 14233ms -->
      </step><!-- duration: 15022ms -->
      <step title="Cleaning up temp files" date="2025-11-04T10:35:51.043" /><!-- duration: 30ms -->
      <step title="Skip function trigger and logicapp sync because function is not enabled." date="2025-11-04T10:35:51.124" /><!-- duration: 30ms -->
    </step><!-- duration: 21434ms -->
    <step title="LockFile &apos;C:\home\site\locks\deployments.lock&apos; released" date="2025-11-04T10:35:51.416" /><!-- duration: 31ms -->
    <step title="Deleting shutdown sentinel file" date="2025-11-04T10:35:51.478" SemaphoreCount="8" /><!-- duration: 18ms -->
  </step><!-- duration: 24247ms -->
  <step title="Outgoing response" date="2025-11-04T10:35:51.687" type="response" statusCode="200" statusText="OK" Server="Microsoft-IIS/10.0" x-ms-request-id="f6a0fa76-b969-11f0-a614-00155db874b6" Cache-Control="private" X-AspNet-Version="4.0.30319" /><!-- duration: 181ms -->
</step><!-- duration: 25684ms -->
