<step title="Incoming Request" date="2025-11-04T13:43:57.534" instance="fb67a8" url="/api/publish?type=zip" method="POST" type="request" pid="5304,2,10" Cache-Control="no-cache" Content-Length="15979614" Content-Type="application/octet-stream" Accept="*/*" Accept-Encoding="gzip, deflate" Authorization="Bea..." Host="sac-02-portal.scm.azurewebsites.net" User-Agent="AZURECLI/2.77.0 (RPM)" x-ms-client-request-id="4cadd5aa-b984-11f0-a5dd-00155d44cd22" X-ARR-LOG-ID="4cadd5aa-b984-11f0-a5dd-00155d44cd22" CLIENT-IP="52.190.17.9:19792" X-SITE-DEPLOYMENT-ID="sac-02-portal" WAS-DEFAULT-HOSTNAME="sac-02-portal.scm.azurewebsites.net" X-Forwarded-Proto="https" X-AppService-Proto="https" X-Forwarded-TlsVersion="1.3" X-WAWS-Unencoded-URL="/api/publish?type=zip" >
  <step title="Cleanup Xml Logs" date="2025-11-04T13:43:57.534" /><!-- duration: 30ms -->
  <step title="OneDeploy" date="2025-11-04T13:43:57.625" >
    <step title="Starting PushDeployAsync" date="2025-11-04T13:43:57.656" /><!-- duration: 19ms -->
    <step title="Updating shutdown sentinel last write time" date="2025-11-04T13:43:57.705" SemaphoreCount="7" /><!-- duration: 14ms -->
    <step title="LockFile &apos;C:\home\site\locks\deployments.lock&apos; acquired" date="2025-11-04T13:43:57.734" /><!-- duration: 16ms -->
    <step title="Saving request content to C:\local\Temp\zipdeploy\bq1iqdlw.zip" date="2025-11-04T13:43:57.750" >
      <step title="Total 15,979,614 bytes written to C:\local\Temp\zipdeploy\bq1iqdlw.zip" date="2025-11-04T13:43:58.266" /><!-- duration: 0ms -->
    </step><!-- duration: 516ms -->
    <step title="LockFile &apos;C:\home\site\locks\deployments.lock&apos; released" date="2025-11-04T13:43:58.281" /><!-- duration: 0ms -->
    <step title="Deleting shutdown sentinel file" date="2025-11-04T13:43:58.297" SemaphoreCount="8" /><!-- duration: 16ms -->
    <step title="Starting FetchDeploy" date="2025-11-04T13:43:58.313" /><!-- duration: 0ms -->
    <step title="Attempting to fetch target branch HEAD" date="2025-11-04T13:43:58.328" /><!-- duration: 0ms -->
    <step title="Updating shutdown sentinel last write time" date="2025-11-04T13:43:58.344" SemaphoreCount="7" /><!-- duration: 0ms -->
    <step title="LockFile &apos;C:\home\site\locks\deployments.lock&apos; acquired" date="2025-11-04T13:43:58.359" /><!-- duration: 0ms -->
    <step title="Performing fetch based deployment" date="2025-11-04T13:43:58.375" >
      <step title="Creating temporary deployment" date="2025-11-04T13:43:58.375" /><!-- duration: 31ms -->
      <step title="Fetching changes." date="2025-11-04T13:43:58.489" /><!-- duration: 0ms -->
      <step title="Starting LocalZipHandler" date="2025-11-04T13:43:58.500" /><!-- duration: 19ms -->
      <step title="Starting LocalZipFetch" date="2025-11-04T13:43:58.531" /><!-- duration: 0ms -->
      <step title="Cleaning up temp folders from previous zip deployments and extracting pushed zip file C:\local\Temp\zipdeploy\bq1iqdlw.zip (15.24 MB) to C:\local\Temp\zipdeploy\extracted" date="2025-11-04T13:43:58.547" /><!-- duration: 0ms -->
      <step title="Cleaning up temp folders from previous zip deployments and extracting pushed zip file C:\local\Temp\zipdeploy\bq1iqdlw.zip (15.24 MB) to C:\local\Temp\zipdeploy\extracted" date="2025-11-04T13:43:58.562" >
        <step title="Renaming extractTargetDirectory(C:\local\Temp\zipdeploy\extracted) to tempDirectory(C:\local\Temp\zipdeploy\rv2qndgz.rpe)" date="2025-11-04T13:43:58.562" /><!-- duration: 16ms -->
        <step title="Extracting 225 entries to C:\local\Temp\zipdeploy\extracted directory" date="2025-11-04T13:43:58.953" >
          <step title="Extracting to C:\local\Temp\zipdeploy\extracted\CustomerSite\Azure.Core.dll ..." date="2025-11-04T13:43:58.972" /><!-- duration: 30ms -->
          <step title="Extracting to C:\local\Temp\zipdeploy\extracted\CustomerSite\wwwroot\lib\jquery\dist\jquery.min.js ..." date="2025-11-04T13:43:59.033" /><!-- duration: 0ms -->
          <step title="Extracting to C:\local\Temp\zipdeploy\extracted\CustomerSite\wwwroot\lib\jquery\dist\jquery.js ..." date="2025-11-04T13:43:59.047" /><!-- duration: 17ms -->
          <step title="Extracting to C:\local\Temp\zipdeploy\extracted\CustomerSite\wwwroot\lib\jquery\dist\jquery.min.map ..." date="2025-11-04T13:43:59.083" /><!-- duration: 10ms -->
          <step title="Extracting to C:\local\Temp\zipdeploy\extracted\CustomerSite\wwwroot\lib\jquery\LICENSE.txt ..." date="2025-11-04T13:43:59.109" /><!-- duration: 0ms -->
          <step title="Omitting extracting file traces ..." date="2025-11-04T13:43:59.109" /><!-- duration: 16ms -->
        </step><!-- duration: 3428ms -->
      </step><!-- duration: 3909ms -->
      <step title="None repository commit" date="2025-11-04T13:44:02.502" >
        <step title="Commit id: 0a6a564ef473492389fa1c928341ae3a" date="2025-11-04T13:44:02.522" Message="OneDeploy" AuthorName="N/A" AuthorEmail="N/A" /><!-- duration: 10ms -->
      </step><!-- duration: 50ms -->
      <step title="Before sending BuildRequestReceived status to /api/updatedeploystatus" date="2025-11-04T13:44:02.563" /><!-- duration: 0ms -->
      <step title="DeploymentManager.Deploy(id:0a6a564ef473492389fa1c928341ae3a)" date="2025-11-04T13:44:02.578" >
        <step title="Collecting changeset information" date="2025-11-04T13:44:02.578" /><!-- duration: 78ms -->
        <step title="Updating submodules" date="2025-11-04T13:44:02.656" >
          <step title="Updating submodules." date="2025-11-04T13:44:02.766" /><!-- duration: 0ms -->
        </step><!-- duration: 125ms -->
        <step title="Preparing deployment for commit id &apos;0a6a564ef4&apos;." date="2025-11-04T13:44:02.985" /><!-- duration: 0ms -->
        <step title="Determining deployment builder" date="2025-11-04T13:44:03.067" >
          <step title="Builder is OneDeployBuilder" date="2025-11-04T13:44:03.078" /><!-- duration: 19ms -->
        </step><!-- duration: 43ms -->
        <step title="Copying SSH keys" date="2025-11-04T13:44:03.125" /><!-- duration: 0ms -->
        <step title="Building" date="2025-11-04T13:44:03.141" >
          <step title="Running build. Project type: OneDeploy" date="2025-11-04T13:44:03.219" /><!-- duration: 0ms -->
          <step title="Copying the manifest" date="2025-11-04T13:44:03.313" /><!-- duration: 0ms -->
          <step title="Clean deploying to C:\home\site\wwwroot" date="2025-11-04T13:44:03.406" /><!-- duration: 16ms -->
          <step title="Generating deployment script." date="2025-11-04T13:44:03.516" /><!-- duration: 0ms -->
          <step title="Generating deployment script" date="2025-11-04T13:44:03.531" >
            <step title="Using cached version of the deployment script for command: -y --no-dot-deployment -r &quot;C:\local\Temp\zipdeploy\extracted&quot; -o &quot;C:\home\site\deployments\tools&quot; --basic --sitePath &quot;C:\local\Temp\zipdeploy\extracted&quot;" date="2025-11-04T13:44:03.563" /><!-- duration: 16ms -->
            <step title="Using cached version of deployment script (command: &apos;azure -y --no-dot-deployment -r &quot;C:\local\Temp\zipdeploy\extracted&quot; -o &quot;C:\home\site\deployments\tools&quot; --basic --sitePath &quot;C:\local\Temp\zipdeploy\extracted&quot;&apos;)." date="2025-11-04T13:44:03.594" /><!-- duration: 0ms -->
          </step><!-- duration: 94ms -->
          <step title="Running deployment command..." date="2025-11-04T13:44:03.705" /><!-- duration: 0ms -->
          <step title="Command: &quot;C:\home\site\deployments\tools\deploy.cmd&quot;" date="2025-11-04T13:44:03.721" /><!-- duration: 0ms -->
          <step title="Executing external process" date="2025-11-04T13:44:03.736" type="process" path="starter.cmd" arguments="&quot;C:\home\site\deployments\tools\deploy.cmd&quot;" >
            <step title="Handling Basic Web Site deployment." date="2025-11-04T13:44:06.942" /><!-- duration: 30ms -->
            <step title="Creating app_offline.htm" date="2025-11-04T13:44:08.018" /><!-- duration: 131ms -->
            <step title="KuduSync.NET from: &apos;C:\local\Temp\zipdeploy\extracted&apos; to: &apos;C:\home\site\wwwroot&apos;" date="2025-11-04T13:44:08.270" /><!-- duration: 30ms -->
            <step title="Deleting directory: &apos;runtimes\win\lib\net8.0&apos;" date="2025-11-04T13:44:08.361" /><!-- duration: 99ms -->
            <step title="Deleting directory: &apos;runtimes\win\lib&apos;" date="2025-11-04T13:44:08.520" /><!-- duration: 111ms -->
            <step title="Deleting directory: &apos;runtimes\win&apos;" date="2025-11-04T13:44:08.711" /><!-- duration: 10ms -->
            <step title="Deleting file: &apos;runtimes\win-arm\native\Microsoft.Data.SqlClient.SNI.dll&apos;" date="2025-11-04T13:44:08.752" /><!-- duration: 79ms -->
            <step title="Deleting directory: &apos;runtimes\win-arm\native&apos;" date="2025-11-04T13:44:08.893" /><!-- duration: 0ms -->
            <step title="Deleting directory: &apos;runtimes\win-arm&apos;" date="2025-11-04T13:44:09.033" /><!-- duration: 16ms -->
            <step title="Deleting file: &apos;runtimes\win-arm64\native\Microsoft.Data.SqlClient.SNI.dll&apos;" date="2025-11-04T13:44:09.254" /><!-- duration: 92ms -->
            <step title="Deleting directory: &apos;runtimes\win-arm64\native&apos;" date="2025-11-04T13:44:09.408" /><!-- duration: 16ms -->
            <step title="Deleting directory: &apos;runtimes\win-arm64&apos;" date="2025-11-04T13:44:09.752" /><!-- duration: 78ms -->
            <step title="Deleting file: &apos;runtimes\win-x64\native\Microsoft.Data.SqlClient.SNI.dll&apos;" date="2025-11-04T13:44:10.002" /><!-- duration: 0ms -->
            <step title="Deleting directory: &apos;runtimes\win-x64\native&apos;" date="2025-11-04T13:44:10.018" /><!-- duration: 0ms -->
            <step title="Deleting directory: &apos;runtimes\win-x64&apos;" date="2025-11-04T13:44:10.161" /><!-- duration: 13ms -->
            <step title="Deleting file: &apos;runtimes\win-x86\native\Microsoft.Data.SqlClient.SNI.dll&apos;" date="2025-11-04T13:44:10.221" /><!-- duration: 80ms -->
            <step title="Deleting directory: &apos;runtimes\win-x86\native&apos;" date="2025-11-04T13:44:10.315" /><!-- duration: 0ms -->
            <step title="Deleting directory: &apos;runtimes\win-x86&apos;" date="2025-11-04T13:44:10.362" /><!-- duration: 15ms -->
            <step title="Deleting directory: &apos;runtimes&apos;" date="2025-11-04T13:44:10.424" /><!-- duration: 31ms -->
            <step title="Deleting file: &apos;tr\Microsoft.CodeAnalysis.CSharp.resources.dll&apos;" date="2025-11-04T13:44:10.553" /><!-- duration: 0ms -->
            <step title="Deleting file: &apos;tr\Microsoft.CodeAnalysis.resources.dll&apos;" date="2025-11-04T13:44:10.580" /><!-- duration: 0ms -->
            <step title="Deleting directory: &apos;tr&apos;" date="2025-11-04T13:44:10.754" /><!-- duration: 14ms -->
            <step title="Deleting file: &apos;wwwroot\Contoso-loggedin.png&apos;" date="2025-11-04T13:44:10.846" /><!-- duration: 31ms -->
            <step title="Deleting file: &apos;wwwroot\contoso-sales.png&apos;" date="2025-11-04T13:44:10.940" /><!-- duration: 16ms -->
            <step title="Deleting file: &apos;wwwroot\favicon.ico&apos;" date="2025-11-04T13:44:10.971" /><!-- duration: 0ms -->
            <step title="Deleting file: &apos;wwwroot\css\customer-custom.css&apos;" date="2025-11-04T13:44:11.037" /><!-- duration: 12ms -->
            <step title="Deleting file: &apos;wwwroot\css\customer-site.css&apos;" date="2025-11-04T13:44:11.097" /><!-- duration: 20ms -->
            <step title="Deleting file: &apos;wwwroot\css\Error\font-awesome.min.css&apos;" date="2025-11-04T13:44:11.207" /><!-- duration: 14ms -->
            <step title="Deleting file: &apos;wwwroot\css\Error\style.css&apos;" date="2025-11-04T13:44:11.315" /><!-- duration: 16ms -->
            <step title="Deleting directory: &apos;wwwroot\css\Error&apos;" date="2025-11-04T13:44:11.408" /><!-- duration: 20ms -->
            <step title="Deleting file: &apos;wwwroot\css\font-awesome\css\font-awesome.css&apos;" date="2025-11-04T13:44:11.455" /><!-- duration: 16ms -->
            <step title="Deleting file: &apos;wwwroot\css\font-awesome\css\font-awesome.min.css&apos;" date="2025-11-04T13:44:11.519" /><!-- duration: 14ms -->
            <step title="Deleting directory: &apos;wwwroot\css\font-awesome\css&apos;" date="2025-11-04T13:44:11.600" /><!-- duration: 30ms -->
            <step title="Deleting file: &apos;wwwroot\css\font-awesome\fonts\fontawesome-webfont.eot&apos;" date="2025-11-04T13:44:11.690" /><!-- duration: 20ms -->
            <step title="Deleting file: &apos;wwwroot\css\font-awesome\fonts\fontawesome-webfont.svg&apos;" date="2025-11-04T13:44:11.752" /><!-- duration: 19ms -->
            <step title="Deleting file: &apos;wwwroot\css\font-awesome\fonts\fontawesome-webfont.ttf&apos;" date="2025-11-04T13:44:11.831" /><!-- duration: 20ms -->
            <step title="Deleting file: &apos;wwwroot\css\font-awesome\fonts\fontawesome-webfont.woff&apos;" date="2025-11-04T13:44:11.924" /><!-- duration: 18ms -->
            <step title="Deleting file: &apos;wwwroot\css\font-awesome\fonts\fontawesome-webfont.woff2&apos;" date="2025-11-04T13:44:12.002" /><!-- duration: 0ms -->
            <step title="Deleting file: &apos;wwwroot\css\font-awesome\fonts\FontAwesome.otf&apos;" date="2025-11-04T13:44:12.050" /><!-- duration: 15ms -->
            <step title="Deleting directory: &apos;wwwroot\css\font-awesome\fonts&apos;" date="2025-11-04T13:44:12.158" /><!-- duration: 20ms -->
            <step title="Deleting directory: &apos;wwwroot\css\font-awesome&apos;" date="2025-11-04T13:44:12.283" /><!-- duration: 16ms -->
            <step title="Deleting directory: &apos;wwwroot\css&apos;" date="2025-11-04T13:44:12.361" /><!-- duration: 19ms -->
            <step title="Deleting file: &apos;wwwroot\js\clipboard.min.js&apos;" date="2025-11-04T13:44:12.411" /><!-- duration: 13ms -->
            <step title="Deleting file: &apos;wwwroot\js\script.js&apos;" date="2025-11-04T13:44:12.455" /><!-- duration: 16ms -->
            <step title="Deleting file: &apos;wwwroot\js\site.js&apos;" date="2025-11-04T13:44:12.521" /><!-- duration: 12ms -->
            <step title="Deleting directory: &apos;wwwroot\js&apos;" date="2025-11-04T13:44:12.602" /><!-- duration: 10ms -->
            <step title="Deleting file: &apos;wwwroot\lib\bootstrap\customer-offcanvas.css&apos;" date="2025-11-04T13:44:12.627" /><!-- duration: 16ms -->
            <step title="Deleting file: &apos;wwwroot\lib\bootstrap\LICENSE&apos;" date="2025-11-04T13:44:12.692" /><!-- duration: 30ms -->
            <step title="Deleting file: &apos;wwwroot\lib\bootstrap\offcanvas.js&apos;" date="2025-11-04T13:44:12.783" /><!-- duration: 0ms -->
            <step title="Deleting file: &apos;wwwroot\lib\bootstrap\5.3.0\css\bootstrap-grid.css&apos;" date="2025-11-04T13:44:12.832" /><!-- duration: 30ms -->
            <step title="Deleting file: &apos;wwwroot\lib\bootstrap\5.3.0\css\bootstrap-grid.css.map&apos;" date="2025-11-04T13:44:13.003" /><!-- duration: 30ms -->
            <step title="Omitting next output lines..." date="2025-11-04T13:44:13.096" /><!-- duration: 17ms -->
            <step title="Finished successfully." date="2025-11-04T13:44:16.457" /><!-- duration: 30ms -->
          </step><!-- duration: 12766ms -->
          <step title="Build completed succesfully." date="2025-11-04T13:44:16.580" /><!-- duration: 0ms -->
          <step title="Running post deployment command(s)..." date="2025-11-04T13:44:16.658" /><!-- duration: 0ms -->
          <step title="Requesting site restart" date="2025-11-04T13:44:16.741" /><!-- duration: 11ms -->
          <step title="Requesting site restart" date="2025-11-04T13:44:16.768" /><!-- duration: 0ms -->
          <step title="Requesting site restart. Attempt #1" date="2025-11-04T13:44:16.862" /><!-- duration: 20ms -->
          <step title="Requesting site restart. Attempt #1" date="2025-11-04T13:44:16.913" /><!-- duration: 11ms -->
          <step title="Successfully requested a restart. Attempt #1" date="2025-11-04T13:44:17.163" /><!-- duration: 11ms -->
          <step title="Successfully requested a restart. Attempt #1" date="2025-11-04T13:44:17.174" /><!-- duration: 16ms -->
          <step title="Deployment successful. DEPLOYMENTINFO: deploymentPath = OneDeploy, deployer = OneDeploy, os = windows, sku = Basic, siteName = sac-02-portal, siteHostName = sac-02-portal.azurewebsites.net, deploymentStatus = Success" date="2025-11-04T13:44:17.252" /><!-- duration: 16ms -->
        </step><!-- duration: 14440ms -->
      </step><!-- duration: 15018ms -->
      <step title="Cleaning up temp files" date="2025-11-04T13:44:17.596" /><!-- duration: 21ms -->
      <step title="Skip function trigger and logicapp sync because function is not enabled." date="2025-11-04T13:44:17.627" /><!-- duration: 16ms -->
    </step><!-- duration: 19333ms -->
    <step title="LockFile &apos;C:\home\site\locks\deployments.lock&apos; released" date="2025-11-04T13:44:17.721" /><!-- duration: 0ms -->
    <step title="Deleting shutdown sentinel file" date="2025-11-04T13:44:17.721" SemaphoreCount="8" /><!-- duration: 16ms -->
  </step><!-- duration: 20112ms -->
  <step title="Outgoing response" date="2025-11-04T13:44:17.752" type="response" statusCode="200" statusText="OK" Server="Microsoft-IIS/10.0" x-ms-request-id="4cadd5aa-b984-11f0-a5dd-00155d44cd22" Cache-Control="private" X-AspNet-Version="4.0.30319" /><!-- duration: 16ms -->
</step><!-- duration: 20249ms -->
