<Events><Event><System><Provider Name="IIS AspNetCore Module V2"/><EventID>1032</EventID><Level>4</Level><Task>0</Task><Keywords>Keywords</Keywords><TimeCreated SystemTime="2025-10-30T19:51:08Z"/><EventRecordID>20910281</EventRecordID><Channel>Application</Channel><Computer>dw0sdwk0001NZ</Computer><Security/></System><EventData><Data>Application 'C:\home\site\wwwroot\' started successfully.</Data><Data>Process Id: 6200.</Data><Data>File Version: 18.0.25107.16. Description: IIS ASP.NET Core Module V2 Request Handler. Commit: </Data></EventData></Event><Event><System><Provider Name="IIS AspNetCore Module V2"/><EventID>1032</EventID><Level>4</Level><Task>0</Task><Keywords>Keywords</Keywords><TimeCreated SystemTime="2025-10-30T19:51:18Z"/><EventRecordID>20920328</EventRecordID><Channel>Application</Channel><Computer>dw0sdwk0001NZ</Computer><Security/></System><EventData><Data>Application 'C:\home\site\wwwroot\' started successfully.</Data><Data>Process Id: 4308.</Data><Data>File Version: 18.0.25107.16. Description: IIS ASP.NET Core Module V2 Request Handler. Commit: </Data></EventData></Event><Event><System><Provider Name="IIS AspNetCore Module V2"/><EventID>1033</EventID><Level>4</Level><Task>0</Task><Keywords>Keywords</Keywords><TimeCreated SystemTime="2025-10-30T19:51:19Z"/><EventRecordID>20920625</EventRecordID><Channel>Application</Channel><Computer>dw0sdwk0001NZ</Computer><Security/></System><EventData><Data>Application 'MACHINE/WEBROOT/APPHOST/SAC-02-PORTAL' has shutdown.</Data><Data>Process Id: 6200.</Data><Data>File Version: 18.0.25107.16. Description: IIS ASP.NET Core Module V2 Request Handler. Commit: </Data></EventData></Event><Event><System><Provider Name="IIS AspNetCore Module V2"/><EventID>1032</EventID><Level>4</Level><Task>0</Task><Keywords>Keywords</Keywords><TimeCreated SystemTime="2025-10-30T19:52:53Z"/><EventRecordID>21014765</EventRecordID><Channel>Application</Channel><Computer>dw0sdwk0001NZ</Computer><Security/></System><EventData><Data>Application 'C:\home\site\wwwroot\' started successfully.</Data><Data>Process Id: 5456.</Data><Data>File Version: 18.0.25107.16. Description: IIS ASP.NET Core Module V2 Request Handler. Commit: </Data></EventData></Event><Event><System><Provider Name="IIS AspNetCore Module V2"/><EventID>1033</EventID><Level>4</Level><Task>0</Task><Keywords>Keywords</Keywords><TimeCreated SystemTime="2025-10-30T19:52:55Z"/><EventRecordID>21016781</EventRecordID><Channel>Application</Channel><Computer>dw0sdwk0001NZ</Computer><Security/></System><EventData><Data>Application 'MACHINE/WEBROOT/APPHOST/SAC-02-PORTAL' has shutdown.</Data><Data>Process Id: 4308.</Data><Data>File Version: 18.0.25107.16. Description: IIS ASP.NET Core Module V2 Request Handler. Commit: </Data></EventData></Event><Event><System><Provider Name="IIS AspNetCore Module V2"/><EventID>1012</EventID><Level>4</Level><Task>0</Task><Keywords>Keywords</Keywords><TimeCreated SystemTime="2025-11-04T10:35:39Z"/><EventRecordID>419575328</EventRecordID><Channel>Application</Channel><Computer>dw0sdwk0001NZ</Computer><Security/></System><EventData><Data>Application 'C:\home\site\wwwroot\' was recycled after detecting app_offline.htm.</Data><Data>Process Id: 5456.</Data><Data>File Version: 18.0.25107.16. Description: IIS ASP.NET Core Module V2 Request Handler. Commit: </Data></EventData></Event><Event><System><Provider Name="IIS AspNetCore Module V2"/><EventID>1033</EventID><Level>4</Level><Task>0</Task><Keywords>Keywords</Keywords><TimeCreated SystemTime="2025-11-04T10:35:41Z"/><EventRecordID>419577687</EventRecordID><Channel>Application</Channel><Computer>dw0sdwk0001NZ</Computer><Security/></System><EventData><Data>Application 'MACHINE/WEBROOT/APPHOST/SAC-02-PORTAL' has shutdown.</Data><Data>Process Id: 5456.</Data><Data>File Version: 18.0.25107.16. Description: IIS ASP.NET Core Module V2 Request Handler. Commit: </Data></EventData></Event><Event><System><Provider Name="IIS AspNetCore Module V2"/><EventID>1032</EventID><Level>4</Level><Task>0</Task><Keywords>Keywords</Keywords><TimeCreated SystemTime="2025-11-04T10:35:56Z"/><EventRecordID>419592109</EventRecordID><Channel>Application</Channel><Computer>dw0sdwk0001NZ</Computer><Security/></System><EventData><Data>Application 'C:\home\site\wwwroot\' started successfully.</Data><Data>Process Id: 8512.</Data><Data>File Version: 18.0.25107.16. Description: IIS ASP.NET Core Module V2 Request Handler. Commit: </Data></EventData></Event><Event><System><Provider Name="IIS AspNetCore Module V2"/><EventID>1033</EventID><Level>4</Level><Task>0</Task><Keywords>Keywords</Keywords><TimeCreated SystemTime="2025-11-04T10:50:52Z"/><EventRecordID>420488406</EventRecordID><Channel>Application</Channel><Computer>dw0sdwk0001NZ</Computer><Security/></System><EventData><Data>Application 'MACHINE/WEBROOT/APPHOST/SAC-02-PORTAL' has shutdown.</Data><Data>Process Id: 8512.</Data><Data>File Version: 18.0.25107.16. Description: IIS ASP.NET Core Module V2 Request Handler. Commit: </Data></EventData></Event><Event><System><Provider Name="IIS AspNetCore Module V2"/><EventID>1032</EventID><Level>4</Level><Task>0</Task><Keywords>Keywords</Keywords><TimeCreated SystemTime="2025-11-04T10:51:33Z"/><EventRecordID>420529578</EventRecordID><Channel>Application</Channel><Computer>dw0sdwk0001NZ</Computer><Security/></System><EventData><Data>Application 'C:\home\site\wwwroot\' started successfully.</Data><Data>Process Id: 3500.</Data><Data>File Version: 18.0.25107.16. Description: IIS ASP.NET Core Module V2 Request Handler. Commit: </Data></EventData></Event><Event><System><Provider Name="IIS AspNetCore Module V2"/><EventID>1012</EventID><Level>4</Level><Task>0</Task><Keywords>Keywords</Keywords><TimeCreated SystemTime="2025-11-04T11:14:15Z"/><EventRecordID>421891281</EventRecordID><Channel>Application</Channel><Computer>dw0sdwk0001NZ</Computer><Security/></System><EventData><Data>Application 'C:\home\site\wwwroot\' was recycled after detecting app_offline.htm.</Data><Data>Process Id: 3500.</Data><Data>File Version: 18.0.25107.16. Description: IIS ASP.NET Core Module V2 Request Handler. Commit: </Data></EventData></Event><Event><System><Provider Name="IIS AspNetCore Module V2"/><EventID>1033</EventID><Level>4</Level><Task>0</Task><Keywords>Keywords</Keywords><TimeCreated SystemTime="2025-11-04T11:14:16Z"/><EventRecordID>421892656</EventRecordID><Channel>Application</Channel><Computer>dw0sdwk0001NZ</Computer><Security/></System><EventData><Data>Application 'MACHINE/WEBROOT/APPHOST/SAC-02-PORTAL' has shutdown.</Data><Data>Process Id: 3500.</Data><Data>File Version: 18.0.25107.16. Description: IIS ASP.NET Core Module V2 Request Handler. Commit: </Data></EventData></Event><Event><System><Provider Name="IIS AspNetCore Module V2"/><EventID>1032</EventID><Level>4</Level><Task>0</Task><Keywords>Keywords</Keywords><TimeCreated SystemTime="2025-11-04T11:14:21Z"/><EventRecordID>421897500</EventRecordID><Channel>Application</Channel><Computer>dw0sdwk0001NZ</Computer><Security/></System><EventData><Data>Application 'C:\home\site\wwwroot\' started successfully.</Data><Data>Process Id: 7764.</Data><Data>File Version: 18.0.25107.16. Description: IIS ASP.NET Core Module V2 Request Handler. Commit: </Data></EventData></Event><Event><System><Provider Name="IIS AspNetCore Module V2"/><EventID>1032</EventID><Level>4</Level><Task>0</Task><Keywords>Keywords</Keywords><TimeCreated SystemTime="2025-11-04T11:14:56Z"/><EventRecordID>421932125</EventRecordID><Channel>Application</Channel><Computer>dw0sdwk0001NZ</Computer><Security/></System><EventData><Data>Application 'C:\home\site\wwwroot\' started successfully.</Data><Data>Process Id: 7920.</Data><Data>File Version: 18.0.25107.16. Description: IIS ASP.NET Core Module V2 Request Handler. Commit: </Data></EventData></Event><Event><System><Provider Name="IIS AspNetCore Module V2"/><EventID>1033</EventID><Level>4</Level><Task>0</Task><Keywords>Keywords</Keywords><TimeCreated SystemTime="2025-11-04T11:14:56Z"/><EventRecordID>421932625</EventRecordID><Channel>Application</Channel><Computer>dw0sdwk0001NZ</Computer><Security/></System><EventData><Data>Application 'MACHINE/WEBROOT/APPHOST/SAC-02-PORTAL' has shutdown.</Data><Data>Process Id: 7764.</Data><Data>File Version: 18.0.25107.16. Description: IIS ASP.NET Core Module V2 Request Handler. Commit: </Data></EventData></Event><Event><System><Provider Name="IIS AspNetCore Module V2"/><EventID>1033</EventID><Level>4</Level><Task>0</Task><Keywords>Keywords</Keywords><TimeCreated SystemTime="2025-11-04T11:18:22Z"/><EventRecordID>422138453</EventRecordID><Channel>Application</Channel><Computer>dw0sdwk0001NZ</Computer><Security/></System><EventData><Data>Application 'MACHINE/WEBROOT/APPHOST/SAC-02-PORTAL' has shutdown.</Data><Data>Process Id: 7920.</Data><Data>File Version: 18.0.25107.16. Description: IIS ASP.NET Core Module V2 Request Handler. Commit: </Data></EventData></Event><Event><System><Provider Name="IIS AspNetCore Module V2"/><EventID>1032</EventID><Level>4</Level><Task>0</Task><Keywords>Keywords</Keywords><TimeCreated SystemTime="2025-11-04T11:18:43Z"/><EventRecordID>422159046</EventRecordID><Channel>Application</Channel><Computer>dw0sdwk0001NZ</Computer><Security/></System><EventData><Data>Application 'C:\home\site\wwwroot\' started successfully.</Data><Data>Process Id: 7740.</Data><Data>File Version: 18.0.25107.16. Description: IIS ASP.NET Core Module V2 Request Handler. Commit: </Data></EventData></Event><Event><System><Provider Name="IIS AspNetCore Module V2"/><EventID>1012</EventID><Level>4</Level><Task>0</Task><Keywords>Keywords</Keywords><TimeCreated SystemTime="2025-11-04T11:38:37Z"/><EventRecordID>423352968</EventRecordID><Channel>Application</Channel><Computer>dw0sdwk0001NZ</Computer><Security/></System><EventData><Data>Application 'C:\home\site\wwwroot\' was recycled after detecting app_offline.htm.</Data><Data>Process Id: 7740.</Data><Data>File Version: 18.0.25107.16. Description: IIS ASP.NET Core Module V2 Request Handler. Commit: </Data></EventData></Event><Event><System><Provider Name="IIS AspNetCore Module V2"/><EventID>1033</EventID><Level>4</Level><Task>0</Task><Keywords>Keywords</Keywords><TimeCreated SystemTime="2025-11-04T11:38:37Z"/><EventRecordID>423353828</EventRecordID><Channel>Application</Channel><Computer>dw0sdwk0001NZ</Computer><Security/></System><EventData><Data>Application 'MACHINE/WEBROOT/APPHOST/SAC-02-PORTAL' has shutdown.</Data><Data>Process Id: 7740.</Data><Data>File Version: 18.0.25107.16. Description: IIS ASP.NET Core Module V2 Request Handler. Commit: </Data></EventData></Event><Event><System><Provider Name="IIS AspNetCore Module V2"/><EventID>1032</EventID><Level>4</Level><Task>0</Task><Keywords>Keywords</Keywords><TimeCreated SystemTime="2025-11-04T11:38:57Z"/><EventRecordID>423373625</EventRecordID><Channel>Application</Channel><Computer>dw0sdwk0001NZ</Computer><Security/></System><EventData><Data>Application 'C:\home\site\wwwroot\' started successfully.</Data><Data>Process Id: 8700.</Data><Data>File Version: 18.0.25107.16. Description: IIS ASP.NET Core Module V2 Request Handler. Commit: </Data></EventData></Event><Event><System><Provider Name="IIS AspNetCore Module V2"/><EventID>1033</EventID><Level>4</Level><Task>0</Task><Keywords>Keywords</Keywords><TimeCreated SystemTime="2025-11-04T11:39:53Z"/><EventRecordID>423429109</EventRecordID><Channel>Application</Channel><Computer>dw0sdwk0001NZ</Computer><Security/></System><EventData><Data>Application 'MACHINE/WEBROOT/APPHOST/SAC-02-PORTAL' has shutdown.</Data><Data>Process Id: 8700.</Data><Data>File Version: 18.0.25107.16. Description: IIS ASP.NET Core Module V2 Request Handler. Commit: </Data></EventData></Event><Event><System><Provider Name="IIS AspNetCore Module V2"/><EventID>1032</EventID><Level>4</Level><Task>0</Task><Keywords>Keywords</Keywords><TimeCreated SystemTime="2025-11-04T11:40:12Z"/><EventRecordID>423448343</EventRecordID><Channel>Application</Channel><Computer>dw0sdwk0001NZ</Computer><Security/></System><EventData><Data>Application 'C:\home\site\wwwroot\' started successfully.</Data><Data>Process Id: 2520.</Data><Data>File Version: 18.0.25107.16. Description: IIS ASP.NET Core Module V2 Request Handler. Commit: </Data></EventData></Event><Event><System><Provider Name="IIS AspNetCore Module V2"/><EventID>1012</EventID><Level>4</Level><Task>0</Task><Keywords>Keywords</Keywords><TimeCreated SystemTime="2025-11-04T11:46:04Z"/><EventRecordID>423799875</EventRecordID><Channel>Application</Channel><Computer>dw0sdwk0001NZ</Computer><Security/></System><EventData><Data>Application 'C:\home\site\wwwroot\' was recycled after detecting app_offline.htm.</Data><Data>Process Id: 2520.</Data><Data>File Version: 18.0.25107.16. Description: IIS ASP.NET Core Module V2 Request Handler. Commit: </Data></EventData></Event><Event><System><Provider Name="IIS AspNetCore Module V2"/><EventID>1033</EventID><Level>4</Level><Task>0</Task><Keywords>Keywords</Keywords><TimeCreated SystemTime="2025-11-04T11:46:04Z"/><EventRecordID>423800546</EventRecordID><Channel>Application</Channel><Computer>dw0sdwk0001NZ</Computer><Security/></System><EventData><Data>Application 'MACHINE/WEBROOT/APPHOST/SAC-02-PORTAL' has shutdown.</Data><Data>Process Id: 2520.</Data><Data>File Version: 18.0.25107.16. Description: IIS ASP.NET Core Module V2 Request Handler. Commit: </Data></EventData></Event><Event><System><Provider Name="IIS AspNetCore Module V2"/><EventID>1032</EventID><Level>4</Level><Task>0</Task><Keywords>Keywords</Keywords><TimeCreated SystemTime="2025-11-04T11:46:27Z"/><EventRecordID>423823796</EventRecordID><Channel>Application</Channel><Computer>dw0sdwk0001NZ</Computer><Security/></System><EventData><Data>Application 'C:\home\site\wwwroot\' started successfully.</Data><Data>Process Id: 5612.</Data><Data>File Version: 18.0.25107.16. Description: IIS ASP.NET Core Module V2 Request Handler. Commit: </Data></EventData></Event><Event><System><Provider Name="IIS AspNetCore Module V2"/><EventID>1012</EventID><Level>4</Level><Task>0</Task><Keywords>Keywords</Keywords><TimeCreated SystemTime="2025-11-04T13:11:00Z"/><EventRecordID>428896187</EventRecordID><Channel>Application</Channel><Computer>dw0sdwk0001NZ</Computer><Security/></System><EventData><Data>Application 'C:\home\site\wwwroot\' was recycled after detecting app_offline.htm.</Data><Data>Process Id: 5612.</Data><Data>File Version: 18.0.25107.16. Description: IIS ASP.NET Core Module V2 Request Handler. Commit: </Data></EventData></Event><Event><System><Provider Name="IIS AspNetCore Module V2"/><EventID>1033</EventID><Level>4</Level><Task>0</Task><Keywords>Keywords</Keywords><TimeCreated SystemTime="2025-11-04T13:11:03Z"/><EventRecordID>428899468</EventRecordID><Channel>Application</Channel><Computer>dw0sdwk0001NZ</Computer><Security/></System><EventData><Data>Application 'MACHINE/WEBROOT/APPHOST/SAC-02-PORTAL' has shutdown.</Data><Data>Process Id: 5612.</Data><Data>File Version: 18.0.25107.16. Description: IIS ASP.NET Core Module V2 Request Handler. Commit: </Data></EventData></Event><Event><System><Provider Name="IIS AspNetCore Module V2"/><EventID>1032</EventID><Level>4</Level><Task>0</Task><Keywords>Keywords</Keywords><TimeCreated SystemTime="2025-11-04T13:27:04Z"/><EventRecordID>429859812</EventRecordID><Channel>Application</Channel><Computer>dw0sdwk0001NZ</Computer><Security/></System><EventData><Data>Application 'C:\home\site\wwwroot\' started successfully.</Data><Data>Process Id: 1756.</Data><Data>File Version: 18.0.25107.16. Description: IIS ASP.NET Core Module V2 Request Handler. Commit: </Data></EventData></Event><Event><System><Provider Name="IIS AspNetCore Module V2"/><EventID>1012</EventID><Level>4</Level><Task>0</Task><Keywords>Keywords</Keywords><TimeCreated SystemTime="2025-11-04T13:37:01Z"/><EventRecordID>430456781</EventRecordID><Channel>Application</Channel><Computer>dw0sdwk0001NZ</Computer><Security/></System><EventData><Data>Application 'C:\home\site\wwwroot\' was recycled after detecting app_offline.htm.</Data><Data>Process Id: 1756.</Data><Data>File Version: 18.0.25107.16. Description: IIS ASP.NET Core Module V2 Request Handler. Commit: </Data></EventData></Event><Event><System><Provider Name="IIS AspNetCore Module V2"/><EventID>1033</EventID><Level>4</Level><Task>0</Task><Keywords>Keywords</Keywords><TimeCreated SystemTime="2025-11-04T13:37:02Z"/><EventRecordID>430458093</EventRecordID><Channel>Application</Channel><Computer>dw0sdwk0001NZ</Computer><Security/></System><EventData><Data>Application 'MACHINE/WEBROOT/APPHOST/SAC-02-PORTAL' has shutdown.</Data><Data>Process Id: 1756.</Data><Data>File Version: 18.0.25107.16. Description: IIS ASP.NET Core Module V2 Request Handler. Commit: </Data></EventData></Event><Event><System><Provider Name="IIS AspNetCore Module V2"/><EventID>1032</EventID><Level>4</Level><Task>0</Task><Keywords>Keywords</Keywords><TimeCreated SystemTime="2025-11-04T13:37:30Z"/><EventRecordID>430486203</EventRecordID><Channel>Application</Channel><Computer>dw0sdwk0001NZ</Computer><Security/></System><EventData><Data>Application 'C:\home\site\wwwroot\' started successfully.</Data><Data>Process Id: 5680.</Data><Data>File Version: 18.0.25107.16. Description: IIS ASP.NET Core Module V2 Request Handler. Commit: </Data></EventData></Event><Event><System><Provider Name="IIS AspNetCore Module V2"/><EventID>1012</EventID><Level>4</Level><Task>0</Task><Keywords>Keywords</Keywords><TimeCreated SystemTime="2025-11-04T13:44:05Z"/><EventRecordID>430881375</EventRecordID><Channel>Application</Channel><Computer>dw0sdwk0001NZ</Computer><Security/></System><EventData><Data>Application 'C:\home\site\wwwroot\' was recycled after detecting app_offline.htm.</Data><Data>Process Id: 5680.</Data><Data>File Version: 18.0.25107.16. Description: IIS ASP.NET Core Module V2 Request Handler. Commit: </Data></EventData></Event><Event><System><Provider Name="IIS AspNetCore Module V2"/><EventID>1033</EventID><Level>4</Level><Task>0</Task><Keywords>Keywords</Keywords><TimeCreated SystemTime="2025-11-04T13:44:06Z"/><EventRecordID>430881812</EventRecordID><Channel>Application</Channel><Computer>dw0sdwk0001NZ</Computer><Security/></System><EventData><Data>Application 'MACHINE/WEBROOT/APPHOST/SAC-02-PORTAL' has shutdown.</Data><Data>Process Id: 5680.</Data><Data>File Version: 18.0.25107.16. Description: IIS ASP.NET Core Module V2 Request Handler. Commit: </Data></EventData></Event></Events>