﻿<?xml version="1.0" encoding="utf-8"?>
<deployment>
  <id>52567ee3e94449d498ba5c7bf6e8a377</id>
  <author>N/A</author>
  <deployer>OneDeploy</deployer>
  <authorEmail>N/A</authorEmail>
  <message>OneDeploy</message>
  <progress></progress>
  <status>Success</status>
  <statusText></statusText>
  <lastSuccessEndTime>2025-10-30T19:50:49.2102022Z</lastSuccessEndTime>
  <receivedTime>2025-10-30T19:50:34.1474685Z</receivedTime>
  <startTime>2025-10-30T19:50:34.5849785Z</startTime>
  <endTime>2025-10-30T19:50:49.2102022Z</endTime>
  <complete>True</complete>
  <is_temp>False</is_temp>
  <is_readonly>True</is_readonly>
  <project_type>OneDeploy</project_type>
  <vsproject_id></vsproject_id>
</deployment>