<step title="BackgroundTrace" date="2025-11-04T16:22:27.799" instance="fb67a8" url="/api/zipdeploy" method="POST" >
  <step title="Updating shutdown sentinel last write time" date="2025-11-04T16:22:27.878" SemaphoreCount="7" /><!-- duration: 16ms -->
  <step title="LockFile &apos;C:\home\site\locks\deployments.lock&apos; acquired" date="2025-11-04T16:22:27.893" /><!-- duration: 16ms -->
  <step title="Creating temporary deployment" date="2025-11-04T16:22:27.909" /><!-- duration: 203ms -->
  <step title="Performing fetch based deployment" date="2025-11-04T16:22:28.147" >
    <step title="Fetching changes." date="2025-11-04T16:22:28.569" /><!-- duration: 60ms -->
    <step title="Starting LocalZipHandler" date="2025-11-04T16:22:28.643" /><!-- duration: 16ms -->
    <step title="Cleaning up temp folders from previous zip deployments and extracting pushed zip file C:\local\Temp\zipdeploy\3ktragfp.zip (15.23 MB) to C:\local\Temp\zipdeploy\extracted" date="2025-11-04T16:22:28.721" /><!-- duration: 0ms -->
    <step title="Cleaning up temp folders from previous zip deployments and extracting pushed zip file C:\local\Temp\zipdeploy\3ktragfp.zip (15.23 MB) to C:\local\Temp\zipdeploy\extracted" date="2025-11-04T16:22:28.721" >
      <step title="Extracting 224 entries to C:\local\Temp\zipdeploy\extracted directory" date="2025-11-04T16:22:28.815" >
        <step title="Extracting to C:\local\Temp\zipdeploy\extracted\CustomerSite.dll ..." date="2025-11-04T16:22:28.832" /><!-- duration: 61ms -->
        <step title="Extracting to C:\local\Temp\zipdeploy\extracted\Services.pdb ..." date="2025-11-04T16:22:28.913" /><!-- duration: 30ms -->
        <step title="Extracting to C:\local\Temp\zipdeploy\extracted\System.IdentityModel.Tokens.Jwt.dll ..." date="2025-11-04T16:22:28.973" /><!-- duration: 30ms -->
        <step title="Extracting to C:\local\Temp\zipdeploy\extracted\Microsoft.Extensions.DependencyModel.dll ..." date="2025-11-04T16:22:29.023" /><!-- duration: 10ms -->
        <step title="Extracting to C:\local\Temp\zipdeploy\extracted\Azure.Identity.dll ..." date="2025-11-04T16:22:29.049" /><!-- duration: 115ms -->
        <step title="Omitting extracting file traces ..." date="2025-11-04T16:22:29.174" /><!-- duration: 0ms -->
      </step><!-- duration: 3879ms -->
    </step><!-- duration: 4003ms -->
    <step title="Before sending BuildRequestReceived status to /api/updatedeploystatus" date="2025-11-04T16:22:32.755" /><!-- duration: 13ms -->
    <step title="DeploymentManager.Deploy(id:d7e43da1c7744de29e91ff7cfdf15753)" date="2025-11-04T16:22:32.786" >
      <step title="Collecting changeset information" date="2025-11-04T16:22:32.799" /><!-- duration: 113ms -->
      <step title="Updating submodules" date="2025-11-04T16:22:32.942" >
        <step title="Updating submodules." date="2025-11-04T16:22:33.113" /><!-- duration: 20ms -->
      </step><!-- duration: 201ms -->
      <step title="Preparing deployment for commit id &apos;d7e43da1c7&apos;." date="2025-11-04T16:22:33.659" /><!-- duration: 16ms -->
      <step title="Determining deployment builder" date="2025-11-04T16:22:33.753" >
        <step title="Builder is BasicBuilder" date="2025-11-04T16:22:33.770" /><!-- duration: 20ms -->
      </step><!-- duration: 47ms -->
      <step title="Copying SSH keys" date="2025-11-04T16:22:33.880" /><!-- duration: 30ms -->
      <step title="Building" date="2025-11-04T16:22:33.924" >
        <step title="Generating deployment script." date="2025-11-04T16:22:34.143" /><!-- duration: 18ms -->
        <step title="Generating deployment script" date="2025-11-04T16:22:34.174" >
          <step title="Using cached version of the deployment script for command: -y --no-dot-deployment -r &quot;C:\local\Temp\zipdeploy\extracted&quot; -o &quot;C:\home\site\deployments\tools&quot; --basic --sitePath &quot;C:\local\Temp\zipdeploy\extracted&quot;" date="2025-11-04T16:22:34.443" /><!-- duration: 13ms -->
          <step title="Using cached version of deployment script (command: &apos;azure -y --no-dot-deployment -r &quot;C:\local\Temp\zipdeploy\extracted&quot; -o &quot;C:\home\site\deployments\tools&quot; --basic --sitePath &quot;C:\local\Temp\zipdeploy\extracted&quot;&apos;)." date="2025-11-04T16:22:34.493" /><!-- duration: 0ms -->
        </step><!-- duration: 329ms -->
        <step title="Running deployment command..." date="2025-11-04T16:22:34.565" /><!-- duration: 0ms -->
        <step title="Command: &quot;C:\home\site\deployments\tools\deploy.cmd&quot;" date="2025-11-04T16:22:34.584" /><!-- duration: 13ms -->
        <step title="Executing external process" date="2025-11-04T16:22:35.143" type="process" path="starter.cmd" arguments="&quot;C:\home\site\deployments\tools\deploy.cmd&quot;" >
          <step title="Handling Basic Web Site deployment." date="2025-11-04T16:22:39.868" /><!-- duration: 43ms -->
          <step title="Creating app_offline.htm" date="2025-11-04T16:22:41.158" >
          <step title="Error: The target file &quot;C:\home\site\wwwroot\CustomerSite&quot; is a directory, not a file." date="2025-11-04T16:22:41.176" /><!-- duration: 18ms -->
/><!-- duration: 13ms -->
          <step title="KuduSync.NET from: &apos;C:\local\Temp\zipdeploy\extracted&apos; to: &apos;C:\home\site\wwwroot&apos;" date="2025-11-04T16:22:41.236" /><!-- duration: 0ms -->
          <step title="Copying file: &apos;appsettings.json&apos;" date="2025-11-04T16:22:41.267" /><!-- duration: 19ms -->
          <step title="Copying file: &apos;Azure.Core.dll&apos;" date="2025-11-04T16:22:41.316" /><!-- duration: 13ms -->
          <step title="Copying file: &apos;Azure.Identity.dll&apos;" date="2025-11-04T16:22:41.367" /><!-- duration: 10ms -->
          <step title="Copying file: &apos;CustomerSite&apos;" date="2025-11-04T16:22:41.408" /><!-- duration: 31ms -->
          <step title="Failed exitCode=1, command=&quot;kudusync&quot; -v 50  -f &quot;C:\local\Temp\zipdeploy\extracted&quot; -t &quot;C:\home\site\wwwroot&quot; -n &quot;C:\home\site\deployments\d7e43da1c7744de29e91ff7cfdf15753\manifest&quot; -p &quot;C:\home\site\deployments\0a6a564ef473492389fa1c928341ae3a\manifest&quot; -i &quot;.git;.hg;.deployment;deploy.cmd&quot;" date="2025-11-04T16:22:41.507" /><!-- duration: 10ms -->
          <step title="An error has occurred during web site deployment." date="2025-11-04T16:22:41.548" /><!-- duration: 31ms -->
          <step title="Process dump" date="2025-11-04T16:22:41.769" exitCode="255" type="processOutput" /><!-- duration: 20ms -->
        </step><!-- duration: 6656ms -->
        <step title="Error: The target file &quot;C:\home\site\wwwroot\CustomerSite&quot; is a directory, not a file.
C:\Program Files (x86)\SiteExtensions\Kudu\2025.09.1.1\bin\Scripts\starter.cmd &quot;C:\home\site\deployments\tools\deploy.cmd&quot; DEPLOYMENTINFO: deploymentPath = ZipDeploy. Extract zip. , deployer = ZipDeploy, os = windows, sku = Basic, siteName = sac-02-portal, siteHostName = sac-02-portal.azurewebsites.net, deploymentStatus = Error" date="2025-11-04T16:22:41.814" /><!-- duration: 0ms -->
        <step title="Error occurred" date="2025-11-04T16:22:41.814" type="error" text="Error: The target file &quot;C:\home\site\wwwroot\CustomerSite&quot; is a directory, not a file.
C:\Program Files (x86)\SiteExtensions\Kudu\2025.09.1.1\bin\Scripts\starter.cmd &quot;C:\home\site\deployments\tools\deploy.cmd&quot;" stackTrace="   at Kudu.Core.Infrastructure.Executable.ExecuteInternal(ITracer tracer, Func`2 onWriteOutput, Func`2 onWriteError, Encoding encoding, String arguments, Object[] args)
   at Kudu.Core.Infrastructure.Executable.ExecuteWithProgressWriter(ILogger logger, ITracer tracer, String arguments, Object[] args)
   at Kudu.Core.Deployment.Generator.ExternalCommandBuilder.RunCommand(DeploymentContext context, String command, Boolean ignoreManifest, String message)" /><!-- duration: 16ms -->
      </step><!-- duration: 8077ms -->
      <step title="Error occurred" date="2025-11-04T16:22:42.033" type="error" text="Error: The target file &quot;C:\home\site\wwwroot\CustomerSite&quot; is a directory, not a file.
C:\Program Files (x86)\SiteExtensions\Kudu\2025.09.1.1\bin\Scripts\starter.cmd &quot;C:\home\site\deployments\tools\deploy.cmd&quot;" stackTrace="   at Kudu.Core.Infrastructure.Executable.ExecuteInternal(ITracer tracer, Func`2 onWriteOutput, Func`2 onWriteError, Encoding encoding, String arguments, Object[] args)
   at Kudu.Core.Infrastructure.Executable.ExecuteWithProgressWriter(ILogger logger, ITracer tracer, String arguments, Object[] args)
   at Kudu.Core.Deployment.Generator.ExternalCommandBuilder.RunCommand(DeploymentContext context, String command, Boolean ignoreManifest, String message)
   at Kudu.Core.Deployment.Generator.GeneratorSiteBuilder.Build(DeploymentContext context)
--- End of stack trace from previous location where exception was thrown ---
   at System.Runtime.CompilerServices.TaskAwaiter.ThrowForNonSuccess(Task task)
   at System.Runtime.CompilerServices.TaskAwaiter.HandleNonSuccessAndDebuggerNotification(Task task)
   at System.Runtime.CompilerServices.TaskAwaiter.ValidateEnd(Task task)
   at Kudu.Core.Deployment.DeploymentManager.&lt;Build&gt;d__38.MoveNext()" /><!-- duration: 0ms -->
      <step title="Deployment Failed. DEPLOYMENTINFO: deploymentPath = ZipDeploy. Extract zip. , deployer = ZipDeploy, os = windows, sku = Basic, siteName = sac-02-portal, siteHostName = sac-02-portal.azurewebsites.net, deploymentStatus = Failed" date="2025-11-04T16:22:42.064" /><!-- duration: 19ms -->
    </step><!-- duration: 9297ms -->
    <step title="Cleaning up temp files" date="2025-11-04T16:22:42.095" /><!-- duration: 0ms -->
  </step><!-- duration: 14011ms -->
  <step title="LockFile &apos;C:\home\site\locks\deployments.lock&apos; released" date="2025-11-04T16:22:42.173" /><!-- duration: 16ms -->
  <step title="Deleting shutdown sentinel file" date="2025-11-04T16:22:42.205" SemaphoreCount="8" /><!-- duration: 31ms -->
</step><!-- duration: 14456ms -->
