<step title="Incoming Request" date="2025-11-04T13:36:47.499" instance="fb67a8" url="/api/publish?type=zip" method="POST" type="request" pid="5304,2,19" Cache-Control="no-cache" Content-Length="15979307" Content-Type="application/octet-stream" Accept="*/*" Accept-Encoding="gzip, deflate" Authorization="Bea..." Host="sac-02-portal.scm.azurewebsites.net" User-Agent="AZURECLI/2.77.0 (DEB)" x-ms-client-request-id="4d3028c6-b983-11f0-b854-001c42110478" X-ARR-LOG-ID="4d3028c6-b983-11f0-b854-001c42110478" CLIENT-IP="24.201.35.16:60916" X-SITE-DEPLOYMENT-ID="sac-02-portal" WAS-DEFAULT-HOSTNAME="sac-02-portal.scm.azurewebsites.net" X-Forwarded-Proto="https" X-AppService-Proto="https" X-Forwarded-TlsVersion="1.3" X-WAWS-Unencoded-URL="/api/publish?type=zip" >
  <step title="Cleanup Xml Logs" date="2025-11-04T13:36:47.515" /><!-- duration: 0ms -->
  <step title="OneDeploy" date="2025-11-04T13:36:47.546" >
    <step title="Starting PushDeployAsync" date="2025-11-04T13:36:47.546" /><!-- duration: 16ms -->
    <step title="Updating shutdown sentinel last write time" date="2025-11-04T13:36:47.577" SemaphoreCount="7" /><!-- duration: 0ms -->
    <step title="LockFile &apos;C:\home\site\locks\deployments.lock&apos; acquired" date="2025-11-04T13:36:47.593" /><!-- duration: 0ms -->
    <step title="Saving request content to C:\local\Temp\zipdeploy\43awixfi.zip" date="2025-11-04T13:36:47.608" >
      <step title="Total 15,979,307 bytes written to C:\local\Temp\zipdeploy\43awixfi.zip" date="2025-11-04T13:36:52.579" /><!-- duration: 16ms -->
    </step><!-- duration: 4987ms -->
    <step title="LockFile &apos;C:\home\site\locks\deployments.lock&apos; released" date="2025-11-04T13:36:52.611" /><!-- duration: 0ms -->
    <step title="Deleting shutdown sentinel file" date="2025-11-04T13:36:52.611" SemaphoreCount="8" /><!-- duration: 16ms -->
    <step title="Starting FetchDeploy" date="2025-11-04T13:36:52.627" /><!-- duration: 16ms -->
    <step title="Attempting to fetch target branch HEAD" date="2025-11-04T13:36:52.643" /><!-- duration: 0ms -->
    <step title="Updating shutdown sentinel last write time" date="2025-11-04T13:36:52.658" SemaphoreCount="7" /><!-- duration: 0ms -->
    <step title="LockFile &apos;C:\home\site\locks\deployments.lock&apos; acquired" date="2025-11-04T13:36:52.674" /><!-- duration: 0ms -->
    <step title="Performing fetch based deployment" date="2025-11-04T13:36:52.689" >
      <step title="Creating temporary deployment" date="2025-11-04T13:36:52.726" /><!-- duration: 58ms -->
      <step title="Fetching changes." date="2025-11-04T13:36:52.893" /><!-- duration: 16ms -->
      <step title="Starting LocalZipHandler" date="2025-11-04T13:36:52.924" /><!-- duration: 0ms -->
      <step title="Starting LocalZipFetch" date="2025-11-04T13:36:52.941" /><!-- duration: 30ms -->
      <step title="Cleaning up temp folders from previous zip deployments and extracting pushed zip file C:\local\Temp\zipdeploy\43awixfi.zip (15.24 MB) to C:\local\Temp\zipdeploy\extracted" date="2025-11-04T13:36:52.986" /><!-- duration: 0ms -->
      <step title="Cleaning up temp folders from previous zip deployments and extracting pushed zip file C:\local\Temp\zipdeploy\43awixfi.zip (15.24 MB) to C:\local\Temp\zipdeploy\extracted" date="2025-11-04T13:36:53.002" >
        <step title="Renaming extractTargetDirectory(C:\local\Temp\zipdeploy\extracted) to tempDirectory(C:\local\Temp\zipdeploy\5cktlbjb.ecn)" date="2025-11-04T13:36:53.002" /><!-- duration: 16ms -->
        <step title="Extracting 225 entries to C:\local\Temp\zipdeploy\extracted directory" date="2025-11-04T13:36:53.033" >
          <step title="Extracting to C:\local\Temp\zipdeploy\extracted\CustomerSite\zh-Hans\Microsoft.CodeAnalysis.resources.dll ..." date="2025-11-04T13:36:53.254" /><!-- duration: 20ms -->
          <step title="Extracting to C:\local\Temp\zipdeploy\extracted\CustomerSite\zh-Hans\Microsoft.CodeAnalysis.CSharp.resources.dll ..." date="2025-11-04T13:36:53.284" /><!-- duration: 81ms -->
          <step title="Extracting to C:\local\Temp\zipdeploy\extracted\CustomerSite\zh-Hans\Microsoft.Data.SqlClient.resources.dll ..." date="2025-11-04T13:36:53.395" /><!-- duration: 30ms -->
          <step title="Extracting to C:\local\Temp\zipdeploy\extracted\CustomerSite\zh-Hant\Microsoft.CodeAnalysis.resources.dll ..." date="2025-11-04T13:36:53.445" /><!-- duration: 10ms -->
          <step title="Extracting to C:\local\Temp\zipdeploy\extracted\CustomerSite\zh-Hant\Microsoft.CodeAnalysis.CSharp.resources.dll ..." date="2025-11-04T13:36:53.475" /><!-- duration: 141ms -->
          <step title="Omitting extracting file traces ..." date="2025-11-04T13:36:53.707" /><!-- duration: 92ms -->
        </step><!-- duration: 4158ms -->
      </step><!-- duration: 4361ms -->
      <step title="None repository commit" date="2025-11-04T13:36:57.393" >
        <step title="Commit id: 34c5e1239cfd4cc4a5606b21595fc6fd" date="2025-11-04T13:36:57.393" Message="OneDeploy" AuthorName="N/A" AuthorEmail="N/A" /><!-- duration: 16ms -->
      </step><!-- duration: 16ms -->
      <step title="Before sending BuildRequestReceived status to /api/updatedeploystatus" date="2025-11-04T13:36:57.408" /><!-- duration: 16ms -->
      <step title="DeploymentManager.Deploy(id:34c5e1239cfd4cc4a5606b21595fc6fd)" date="2025-11-04T13:36:57.424" >
        <step title="Collecting changeset information" date="2025-11-04T13:36:57.439" /><!-- duration: 78ms -->
        <step title="Updating submodules" date="2025-11-04T13:36:57.533" >
          <step title="Updating submodules." date="2025-11-04T13:36:57.973" /><!-- duration: 0ms -->
        </step><!-- duration: 453ms -->
        <step title="Preparing deployment for commit id &apos;34c5e1239c&apos;." date="2025-11-04T13:36:58.127" /><!-- duration: 37ms -->
        <step title="Determining deployment builder" date="2025-11-04T13:36:58.315" >
          <step title="Builder is OneDeployBuilder" date="2025-11-04T13:36:58.315" /><!-- duration: 31ms -->
        </step><!-- duration: 31ms -->
        <step title="Copying SSH keys" date="2025-11-04T13:36:58.408" /><!-- duration: 0ms -->
        <step title="Building" date="2025-11-04T13:36:58.424" >
          <step title="Running build. Project type: OneDeploy" date="2025-11-04T13:36:58.486" /><!-- duration: 16ms -->
          <step title="Copying the manifest" date="2025-11-04T13:36:58.564" /><!-- duration: 16ms -->
          <step title="Clean deploying to C:\home\site\wwwroot" date="2025-11-04T13:36:58.674" /><!-- duration: 0ms -->
          <step title="Generating deployment script." date="2025-11-04T13:36:58.752" /><!-- duration: 0ms -->
          <step title="Generating deployment script" date="2025-11-04T13:36:58.768" >
            <step title="Using cached version of the deployment script for command: -y --no-dot-deployment -r &quot;C:\local\Temp\zipdeploy\extracted&quot; -o &quot;C:\home\site\deployments\tools&quot; --basic --sitePath &quot;C:\local\Temp\zipdeploy\extracted&quot;" date="2025-11-04T13:36:58.799" /><!-- duration: 0ms -->
            <step title="Using cached version of deployment script (command: &apos;azure -y --no-dot-deployment -r &quot;C:\local\Temp\zipdeploy\extracted&quot; -o &quot;C:\home\site\deployments\tools&quot; --basic --sitePath &quot;C:\local\Temp\zipdeploy\extracted&quot;&apos;)." date="2025-11-04T13:36:58.830" /><!-- duration: 0ms -->
          </step><!-- duration: 78ms -->
          <step title="Running deployment command..." date="2025-11-04T13:36:58.939" /><!-- duration: 18ms -->
          <step title="Command: &quot;C:\home\site\deployments\tools\deploy.cmd&quot;" date="2025-11-04T13:36:58.988" /><!-- duration: 0ms -->
          <step title="Executing external process" date="2025-11-04T13:36:59.018" type="process" path="starter.cmd" arguments="&quot;C:\home\site\deployments\tools\deploy.cmd&quot;" >
            <step title="Handling Basic Web Site deployment." date="2025-11-04T13:36:59.972" /><!-- duration: 0ms -->
            <step title="Creating app_offline.htm" date="2025-11-04T13:37:01.941" /><!-- duration: 20ms -->
            <step title="KuduSync.NET from: &apos;C:\local\Temp\zipdeploy\extracted&apos; to: &apos;C:\home\site\wwwroot&apos;" date="2025-11-04T13:37:02.022" /><!-- duration: 43ms -->
            <step title="Deleting file: &apos;cs\Microsoft.CodeAnalysis.CSharp.resources.dll&apos;" date="2025-11-04T13:37:02.192" /><!-- duration: 13ms -->
            <step title="Deleting file: &apos;cs\Microsoft.CodeAnalysis.resources.dll&apos;" date="2025-11-04T13:37:02.272" /><!-- duration: 11ms -->
            <step title="Deleting directory: &apos;cs&apos;" date="2025-11-04T13:37:02.332" /><!-- duration: 20ms -->
            <step title="Deleting file: &apos;de\Microsoft.CodeAnalysis.CSharp.resources.dll&apos;" date="2025-11-04T13:37:02.424" /><!-- duration: 19ms -->
            <step title="Deleting file: &apos;de\Microsoft.CodeAnalysis.resources.dll&apos;" date="2025-11-04T13:37:02.553" /><!-- duration: 30ms -->
            <step title="Deleting file: &apos;de\Microsoft.Data.SqlClient.resources.dll&apos;" date="2025-11-04T13:37:02.674" /><!-- duration: 0ms -->
            <step title="Deleting directory: &apos;de&apos;" date="2025-11-04T13:37:02.768" /><!-- duration: 17ms -->
            <step title="Deleting file: &apos;es\Microsoft.CodeAnalysis.CSharp.resources.dll&apos;" date="2025-11-04T13:37:02.865" /><!-- duration: 12ms -->
            <step title="Deleting file: &apos;es\Microsoft.CodeAnalysis.resources.dll&apos;" date="2025-11-04T13:37:02.955" /><!-- duration: 0ms -->
            <step title="Deleting file: &apos;es\Microsoft.Data.SqlClient.resources.dll&apos;" date="2025-11-04T13:37:03.036" /><!-- duration: 13ms -->
            <step title="Deleting directory: &apos;es&apos;" date="2025-11-04T13:37:03.127" /><!-- duration: 19ms -->
            <step title="Deleting file: &apos;fr\Microsoft.CodeAnalysis.CSharp.resources.dll&apos;" date="2025-11-04T13:37:03.206" /><!-- duration: 30ms -->
            <step title="Deleting file: &apos;fr\Microsoft.CodeAnalysis.resources.dll&apos;" date="2025-11-04T13:37:03.299" /><!-- duration: 18ms -->
            <step title="Deleting file: &apos;fr\Microsoft.Data.SqlClient.resources.dll&apos;" date="2025-11-04T13:37:03.598" /><!-- duration: 13ms -->
            <step title="Deleting directory: &apos;fr&apos;" date="2025-11-04T13:37:03.679" /><!-- duration: 11ms -->
            <step title="Deleting file: &apos;it\Microsoft.CodeAnalysis.CSharp.resources.dll&apos;" date="2025-11-04T13:37:03.721" /><!-- duration: 18ms -->
            <step title="Deleting file: &apos;it\Microsoft.CodeAnalysis.resources.dll&apos;" date="2025-11-04T13:37:03.819" /><!-- duration: 30ms -->
            <step title="Deleting file: &apos;it\Microsoft.Data.SqlClient.resources.dll&apos;" date="2025-11-04T13:37:04.352" /><!-- duration: 10ms -->
            <step title="Deleting directory: &apos;it&apos;" date="2025-11-04T13:37:04.413" /><!-- duration: 11ms -->
            <step title="Deleting file: &apos;ja\Microsoft.CodeAnalysis.CSharp.resources.dll&apos;" date="2025-11-04T13:37:04.473" /><!-- duration: 13ms -->
            <step title="Deleting file: &apos;ja\Microsoft.CodeAnalysis.resources.dll&apos;" date="2025-11-04T13:37:04.533" /><!-- duration: 20ms -->
            <step title="Deleting file: &apos;ja\Microsoft.Data.SqlClient.resources.dll&apos;" date="2025-11-04T13:37:04.584" /><!-- duration: 30ms -->
            <step title="Deleting directory: &apos;ja&apos;" date="2025-11-04T13:37:04.643" /><!-- duration: 20ms -->
            <step title="Deleting file: &apos;ko\Microsoft.CodeAnalysis.CSharp.resources.dll&apos;" date="2025-11-04T13:37:04.705" /><!-- duration: 69ms -->
            <step title="Deleting file: &apos;ko\Microsoft.CodeAnalysis.resources.dll&apos;" date="2025-11-04T13:37:04.915" /><!-- duration: 10ms -->
            <step title="Deleting file: &apos;ko\Microsoft.Data.SqlClient.resources.dll&apos;" date="2025-11-04T13:37:04.975" /><!-- duration: 11ms -->
            <step title="Deleting directory: &apos;ko&apos;" date="2025-11-04T13:37:05.035" /><!-- duration: 20ms -->
            <step title="Deleting file: &apos;pl\Microsoft.CodeAnalysis.CSharp.resources.dll&apos;" date="2025-11-04T13:37:05.127" /><!-- duration: 19ms -->
            <step title="Deleting file: &apos;pl\Microsoft.CodeAnalysis.resources.dll&apos;" date="2025-11-04T13:37:05.206" /><!-- duration: 30ms -->
            <step title="Deleting directory: &apos;pl&apos;" date="2025-11-04T13:37:05.286" /><!-- duration: 0ms -->
            <step title="Deleting file: &apos;pt-BR\Microsoft.CodeAnalysis.CSharp.resources.dll&apos;" date="2025-11-04T13:37:05.346" /><!-- duration: 20ms -->
            <step title="Deleting file: &apos;pt-BR\Microsoft.CodeAnalysis.resources.dll&apos;" date="2025-11-04T13:37:05.426" /><!-- duration: 13ms -->
            <step title="Deleting file: &apos;pt-BR\Microsoft.Data.SqlClient.resources.dll&apos;" date="2025-11-04T13:37:05.518" /><!-- duration: 19ms -->
            <step title="Deleting directory: &apos;pt-BR&apos;" date="2025-11-04T13:37:05.708" /><!-- duration: 30ms -->
            <step title="Deleting file: &apos;ru\Microsoft.CodeAnalysis.CSharp.resources.dll&apos;" date="2025-11-04T13:37:05.788" /><!-- duration: 11ms -->
            <step title="Deleting file: &apos;ru\Microsoft.CodeAnalysis.resources.dll&apos;" date="2025-11-04T13:37:05.830" /><!-- duration: 0ms -->
            <step title="Deleting file: &apos;ru\Microsoft.Data.SqlClient.resources.dll&apos;" date="2025-11-04T13:37:05.862" /><!-- duration: 0ms -->
            <step title="Deleting directory: &apos;ru&apos;" date="2025-11-04T13:37:05.877" /><!-- duration: 16ms -->
            <step title="Deleting file: &apos;runtimes\browser\lib\net8.0\System.Text.Encodings.Web.dll&apos;" date="2025-11-04T13:37:05.908" /><!-- duration: 0ms -->
            <step title="Deleting directory: &apos;runtimes\browser\lib\net8.0&apos;" date="2025-11-04T13:37:05.971" /><!-- duration: 16ms -->
            <step title="Deleting directory: &apos;runtimes\browser\lib&apos;" date="2025-11-04T13:37:06.002" /><!-- duration: 0ms -->
            <step title="Deleting directory: &apos;runtimes\browser&apos;" date="2025-11-04T13:37:06.018" /><!-- duration: 16ms -->
            <step title="Deleting file: &apos;runtimes\unix\lib\net8.0\Microsoft.Data.SqlClient.dll&apos;" date="2025-11-04T13:37:06.049" /><!-- duration: 17ms -->
            <step title="Deleting directory: &apos;runtimes\unix\lib\net8.0&apos;" date="2025-11-04T13:37:06.190" /><!-- duration: 0ms -->
            <step title="Deleting directory: &apos;runtimes\unix\lib&apos;" date="2025-11-04T13:37:06.222" /><!-- duration: 0ms -->
            <step title="Deleting directory: &apos;runtimes\unix&apos;" date="2025-11-04T13:37:06.237" /><!-- duration: 0ms -->
            <step title="Deleting file: &apos;runtimes\win\lib\net8.0\Microsoft.Data.SqlClient.dll&apos;" date="2025-11-04T13:37:06.268" /><!-- duration: 31ms -->
            <step title="Deleting file: &apos;runtimes\win\lib\net8.0\Microsoft.Win32.SystemEvents.dll&apos;" date="2025-11-04T13:37:06.315" /><!-- duration: 0ms -->
            <step title="Omitting next output lines..." date="2025-11-04T13:37:06.330" /><!-- duration: 0ms -->
            <step title="Error: The directory is not empty." date="2025-11-04T13:37:08.192" /><!-- duration: 30ms -->
            <step title="Failed exitCode=1, command=&quot;kudusync&quot; -v 50 -x -f &quot;C:\local\Temp\zipdeploy\extracted&quot; -t &quot;C:\home\site\wwwroot&quot; -n &quot;C:\local\Temp\tmp36C9.tmp&quot; -p &quot;C:\local\Temp\tmp36C9.tmp&quot; -i &quot;.git;.hg;.deployment;deploy.cmd&quot;" date="2025-11-04T13:37:08.316" /><!-- duration: 17ms -->
            <step title="An error has occurred during web site deployment." date="2025-11-04T13:37:08.383" /><!-- duration: 11ms -->
            <step title="Process dump" date="2025-11-04T13:37:08.504" exitCode="255" type="processOutput" /><!-- duration: 20ms -->
          </step><!-- duration: 9516ms -->
          <step title="Error: The directory is not empty.
C:\Program Files (x86)\SiteExtensions\Kudu\2025.09.1.1\bin\Scripts\starter.cmd &quot;C:\home\site\deployments\tools\deploy.cmd&quot; DEPLOYMENTINFO: deploymentPath = OneDeploy, deployer = OneDeploy, os = windows, sku = Basic, siteName = sac-02-portal, siteHostName = sac-02-portal.azurewebsites.net, deploymentStatus = Error" date="2025-11-04T13:37:08.566" /><!-- duration: 0ms -->
          <step title="Error occurred" date="2025-11-04T13:37:08.613" type="error" text="Error: The directory is not empty.
C:\Program Files (x86)\SiteExtensions\Kudu\2025.09.1.1\bin\Scripts\starter.cmd &quot;C:\home\site\deployments\tools\deploy.cmd&quot;" stackTrace="   at Kudu.Core.Infrastructure.Executable.ExecuteInternal(ITracer tracer, Func`2 onWriteOutput, Func`2 onWriteError, Encoding encoding, String arguments, Object[] args)
   at Kudu.Core.Infrastructure.Executable.ExecuteWithProgressWriter(ILogger logger, ITracer tracer, String arguments, Object[] args)
   at Kudu.Core.Deployment.Generator.ExternalCommandBuilder.RunCommand(DeploymentContext context, String command, Boolean ignoreManifest, String message)" /><!-- duration: 0ms -->
          <step title="Build completed succesfully." date="2025-11-04T13:37:08.706" /><!-- duration: 0ms -->
          <step title="Running post deployment command(s)..." date="2025-11-04T13:37:08.785" /><!-- duration: 16ms -->
          <step title="Requesting site restart" date="2025-11-04T13:37:08.910" /><!-- duration: 18ms -->
          <step title="Requesting site restart" date="2025-11-04T13:37:08.941" /><!-- duration: 17ms -->
          <step title="Requesting site restart. Attempt #1" date="2025-11-04T13:37:09.149" /><!-- duration: 11ms -->
          <step title="Requesting site restart. Attempt #1" date="2025-11-04T13:37:09.191" /><!-- duration: 18ms -->
          <step title="Successfully requested a restart. Attempt #1" date="2025-11-04T13:37:09.660" /><!-- duration: 0ms -->
          <step title="Successfully requested a restart. Attempt #1" date="2025-11-04T13:37:09.675" /><!-- duration: 0ms -->
          <step title="Deployment successful. DEPLOYMENTINFO: deploymentPath = OneDeploy, deployer = OneDeploy, os = windows, sku = Basic, siteName = sac-02-portal, siteHostName = sac-02-portal.azurewebsites.net, deploymentStatus = Success" date="2025-11-04T13:37:09.753" /><!-- duration: 0ms -->
        </step><!-- duration: 11814ms -->
      </step><!-- duration: 12851ms -->
      <step title="Cleaning up temp files" date="2025-11-04T13:37:10.285" /><!-- duration: 20ms -->
      <step title="Skip function trigger and logicapp sync because function is not enabled." date="2025-11-04T13:37:10.335" /><!-- duration: 12ms -->
    </step><!-- duration: 17736ms -->
    <step title="LockFile &apos;C:\home\site\locks\deployments.lock&apos; released" date="2025-11-04T13:37:10.441" /><!-- duration: 0ms -->
    <step title="Deleting shutdown sentinel file" date="2025-11-04T13:37:10.456" SemaphoreCount="8" /><!-- duration: 31ms -->
  </step><!-- duration: 22960ms -->
  <step title="Outgoing response" date="2025-11-04T13:37:10.519" type="response" statusCode="200" statusText="OK" Server="Microsoft-IIS/10.0" x-ms-request-id="4d3028c6-b983-11f0-b854-001c42110478" Cache-Control="private" X-AspNet-Version="4.0.30319" /><!-- duration: 16ms -->
</step><!-- duration: 23036ms -->
