<step title="Incoming Request" date="2025-11-04T11:14:06.183" instance="fb67a8" url="/api/publish?type=zip" method="POST" type="request" pid="5304,2,22" Cache-Control="no-cache" Content-Length="16147582" Content-Type="application/octet-stream" Accept="*/*" Accept-Encoding="gzip, deflate" Authorization="Bea..." Host="sac-02-portal.scm.azurewebsites.net" User-Agent="AZURECLI/2.77.0 (RPM)" x-ms-client-request-id="5db88c06-b96f-11f0-82aa-00155db874b6" X-ARR-LOG-ID="5db88c06-b96f-11f0-82aa-00155db874b6" CLIENT-IP="20.42.18.188:3883" X-SITE-DEPLOYMENT-ID="sac-02-portal" WAS-DEFAULT-HOSTNAME="sac-02-portal.scm.azurewebsites.net" X-Forwarded-Proto="https" X-AppService-Proto="https" X-Forwarded-TlsVersion="1.3" X-WAWS-Unencoded-URL="/api/publish?type=zip" >
  <step title="Cleanup Xml Logs" date="2025-11-04T11:14:06.201" /><!-- duration: 0ms -->
  <step title="OneDeploy" date="2025-11-04T11:14:06.451" >
    <step title="Starting PushDeployAsync" date="2025-11-04T11:14:06.574" /><!-- duration: 0ms -->
    <step title="Updating shutdown sentinel last write time" date="2025-11-04T11:14:06.780" SemaphoreCount="7" /><!-- duration: 0ms -->
    <step title="LockFile &apos;C:\home\site\locks\deployments.lock&apos; acquired" date="2025-11-04T11:14:06.824" /><!-- duration: 16ms -->
    <step title="Saving request content to C:\local\Temp\zipdeploy\cjvwojjf.zip" date="2025-11-04T11:14:06.981" >
      <step title="Total 16,147,582 bytes written to C:\local\Temp\zipdeploy\cjvwojjf.zip" date="2025-11-04T11:14:07.715" /><!-- duration: 15ms -->
    </step><!-- duration: 749ms -->
    <step title="LockFile &apos;C:\home\site\locks\deployments.lock&apos; released" date="2025-11-04T11:14:07.746" /><!-- duration: 16ms -->
    <step title="Deleting shutdown sentinel file" date="2025-11-04T11:14:07.761" SemaphoreCount="8" /><!-- duration: 0ms -->
    <step title="Starting FetchDeploy" date="2025-11-04T11:14:07.826" /><!-- duration: 13ms -->
    <step title="Attempting to fetch target branch HEAD" date="2025-11-04T11:14:07.839" /><!-- duration: 16ms -->
    <step title="Updating shutdown sentinel last write time" date="2025-11-04T11:14:07.887" SemaphoreCount="7" /><!-- duration: 0ms -->
    <step title="LockFile &apos;C:\home\site\locks\deployments.lock&apos; acquired" date="2025-11-04T11:14:07.918" /><!-- duration: 16ms -->
    <step title="Performing fetch based deployment" date="2025-11-04T11:14:07.949" >
      <step title="Creating temporary deployment" date="2025-11-04T11:14:07.964" /><!-- duration: 203ms -->
      <step title="Fetching changes." date="2025-11-04T11:14:08.339" /><!-- duration: 0ms -->
      <step title="Starting LocalZipHandler" date="2025-11-04T11:14:08.371" /><!-- duration: 0ms -->
      <step title="Starting LocalZipFetch" date="2025-11-04T11:14:08.386" /><!-- duration: 16ms -->
      <step title="Cleaning up temp folders from previous zip deployments and extracting pushed zip file C:\local\Temp\zipdeploy\cjvwojjf.zip (15.40 MB) to C:\local\Temp\zipdeploy\extracted" date="2025-11-04T11:14:08.440" /><!-- duration: 40ms -->
      <step title="Cleaning up temp folders from previous zip deployments and extracting pushed zip file C:\local\Temp\zipdeploy\cjvwojjf.zip (15.40 MB) to C:\local\Temp\zipdeploy\extracted" date="2025-11-04T11:14:08.480" >
        <step title="Extracting 189 entries to C:\local\Temp\zipdeploy\extracted directory" date="2025-11-04T11:14:08.574" >
          <step title="Extracting to C:\local\Temp\zipdeploy\extracted\cs\Microsoft.CodeAnalysis.CSharp.resources.dll ..." date="2025-11-04T11:14:08.590" /><!-- duration: 80ms -->
          <step title="Extracting to C:\local\Temp\zipdeploy\extracted\cs\Microsoft.CodeAnalysis.resources.dll ..." date="2025-11-04T11:14:08.683" /><!-- duration: 0ms -->
          <step title="Extracting to C:\local\Temp\zipdeploy\extracted\de\Microsoft.CodeAnalysis.CSharp.resources.dll ..." date="2025-11-04T11:14:08.699" /><!-- duration: 33ms -->
          <step title="Extracting to C:\local\Temp\zipdeploy\extracted\de\Microsoft.CodeAnalysis.resources.dll ..." date="2025-11-04T11:14:08.732" /><!-- duration: 14ms -->
          <step title="Extracting to C:\local\Temp\zipdeploy\extracted\de\Microsoft.Data.SqlClient.resources.dll ..." date="2025-11-04T11:14:08.746" /><!-- duration: 17ms -->
          <step title="Omitting extracting file traces ..." date="2025-11-04T11:14:08.777" /><!-- duration: 16ms -->
        </step><!-- duration: 3266ms -->
      </step><!-- duration: 3378ms -->
      <step title="None repository commit" date="2025-11-04T11:14:11.889" >
        <step title="Commit id: d046e1356a2b41cc807db064da40af0b" date="2025-11-04T11:14:11.969" Message="OneDeploy" AuthorName="N/A" AuthorEmail="N/A" /><!-- duration: 0ms -->
      </step><!-- duration: 91ms -->
      <step title="Before sending BuildRequestReceived status to /api/updatedeploystatus" date="2025-11-04T11:14:11.980" /><!-- duration: 0ms -->
      <step title="DeploymentManager.Deploy(id:d046e1356a2b41cc807db064da40af0b)" date="2025-11-04T11:14:12.011" >
        <step title="Collecting changeset information" date="2025-11-04T11:14:12.027" /><!-- duration: 62ms -->
        <step title="Updating submodules" date="2025-11-04T11:14:12.123" >
          <step title="Updating submodules." date="2025-11-04T11:14:12.234" /><!-- duration: 30ms -->
        </step><!-- duration: 172ms -->
        <step title="Preparing deployment for commit id &apos;d046e1356a&apos;." date="2025-11-04T11:14:12.418" /><!-- duration: 16ms -->
        <step title="Determining deployment builder" date="2025-11-04T11:14:12.558" >
          <step title="Builder is OneDeployBuilder" date="2025-11-04T11:14:12.574" /><!-- duration: 22ms -->
        </step><!-- duration: 47ms -->
        <step title="Copying SSH keys" date="2025-11-04T11:14:12.637" /><!-- duration: 81ms -->
        <step title="Building" date="2025-11-04T11:14:12.718" >
          <step title="Running build. Project type: OneDeploy" date="2025-11-04T11:14:12.996" /><!-- duration: 0ms -->
          <step title="Copying the manifest" date="2025-11-04T11:14:13.080" /><!-- duration: 10ms -->
          <step title="Clean deploying to C:\home\site\wwwroot" date="2025-11-04T11:14:13.232" /><!-- duration: 20ms -->
          <step title="Generating deployment script." date="2025-11-04T11:14:13.371" /><!-- duration: 0ms -->
          <step title="Generating deployment script" date="2025-11-04T11:14:13.403" >
            <step title="Using cached version of the deployment script for command: -y --no-dot-deployment -r &quot;C:\local\Temp\zipdeploy\extracted&quot; -o &quot;C:\home\site\deployments\tools&quot; --basic --sitePath &quot;C:\local\Temp\zipdeploy\extracted&quot;" date="2025-11-04T11:14:13.636" /><!-- duration: 0ms -->
            <step title="Using cached version of deployment script (command: &apos;azure -y --no-dot-deployment -r &quot;C:\local\Temp\zipdeploy\extracted&quot; -o &quot;C:\home\site\deployments\tools&quot; --basic --sitePath &quot;C:\local\Temp\zipdeploy\extracted&quot;&apos;)." date="2025-11-04T11:14:13.652" /><!-- duration: 0ms -->
          </step><!-- duration: 280ms -->
          <step title="Running deployment command..." date="2025-11-04T11:14:13.746" /><!-- duration: 0ms -->
          <step title="Command: &quot;C:\home\site\deployments\tools\deploy.cmd&quot;" date="2025-11-04T11:14:13.777" /><!-- duration: 0ms -->
          <step title="Executing external process" date="2025-11-04T11:14:13.825" type="process" path="starter.cmd" arguments="&quot;C:\home\site\deployments\tools\deploy.cmd&quot;" >
            <step title="Handling Basic Web Site deployment." date="2025-11-04T11:14:14.751" /><!-- duration: 11ms -->
            <step title="Creating app_offline.htm" date="2025-11-04T11:14:16.580" /><!-- duration: 30ms -->
            <step title="KuduSync.NET from: &apos;C:\local\Temp\zipdeploy\extracted&apos; to: &apos;C:\home\site\wwwroot&apos;" date="2025-11-04T11:14:16.683" /><!-- duration: 17ms -->
            <step title="Copying file: &apos;DataAccess.dll&apos;" date="2025-11-04T11:14:16.750" /><!-- duration: 11ms -->
            <step title="Copying file: &apos;DataAccess.pdb&apos;" date="2025-11-04T11:14:16.810" /><!-- duration: 13ms -->
            <step title="Deleting app_offline.htm" date="2025-11-04T11:14:16.871" /><!-- duration: 0ms -->
            <step title="Finished successfully." date="2025-11-04T11:14:17.002" /><!-- duration: 10ms -->
          </step><!-- duration: 3267ms -->
          <step title="Build completed succesfully." date="2025-11-04T11:14:18.621" /><!-- duration: 141ms -->
          <step title="Running post deployment command(s)..." date="2025-11-04T11:14:20.136" /><!-- duration: 19ms -->
          <step title="Requesting site restart" date="2025-11-04T11:14:21.609" /><!-- duration: 231ms -->
          <step title="Requesting site restart" date="2025-11-04T11:14:22.043" /><!-- duration: 109ms -->
          <step title="Requesting site restart. Attempt #1" date="2025-11-04T11:14:22.435" /><!-- duration: 0ms -->
          <step title="Requesting site restart. Attempt #1" date="2025-11-04T11:14:22.449" /><!-- duration: 0ms -->
          <step title="Successfully requested a restart. Attempt #1" date="2025-11-04T11:14:28.124" /><!-- duration: 362ms -->
          <step title="Successfully requested a restart. Attempt #1" date="2025-11-04T11:14:28.808" /><!-- duration: 79ms -->
          <step title="Deployment successful. DEPLOYMENTINFO: deploymentPath = OneDeploy, deployer = OneDeploy, os = windows, sku = Basic, siteName = sac-02-portal, siteHostName = sac-02-portal.azurewebsites.net, deploymentStatus = Success" date="2025-11-04T11:14:28.980" /><!-- duration: 16ms -->
        </step><!-- duration: 16606ms -->
      </step><!-- duration: 17328ms -->
      <step title="Cleaning up temp files" date="2025-11-04T11:14:29.361" /><!-- duration: 10ms -->
      <step title="Skip function trigger and logicapp sync because function is not enabled." date="2025-11-04T11:14:29.402" /><!-- duration: 16ms -->
    </step><!-- duration: 21516ms -->
    <step title="LockFile &apos;C:\home\site\locks\deployments.lock&apos; released" date="2025-11-04T11:14:29.480" /><!-- duration: 0ms -->
    <step title="Deleting shutdown sentinel file" date="2025-11-04T11:14:29.496" SemaphoreCount="8" /><!-- duration: 18ms -->
  </step><!-- duration: 23062ms -->
  <step title="Outgoing response" date="2025-11-04T11:14:29.527" type="response" statusCode="200" statusText="OK" Server="Microsoft-IIS/10.0" x-ms-request-id="5db88c06-b96f-11f0-82aa-00155db874b6" Cache-Control="private" X-AspNet-Version="4.0.30319" /><!-- duration: 0ms -->
</step><!-- duration: 23360ms -->
