<step title="Incoming Request" date="2025-11-04T16:22:23.530" instance="fb67a8" url="/api/zipdeploy?isAsync=true" method="POST" type="request" pid="5144,2,27" Cache-Control="no-cache" Content-Length="15973533" Content-Type="application/octet-stream" Accept="*/*" Accept-Encoding="gzip, deflate" Authorization="Bea..." Host="sac-02-portal.scm.azurewebsites.net" User-Agent="AZURECLI/2.77.0 (RPM)" x-ms-client-request-id="6f2e9f72-b99a-11f0-b494-00155dd5f261" X-ARR-LOG-ID="6f2e9f72-b99a-11f0-b494-00155dd5f261" CLIENT-IP="40.71.199.151:51713" X-SITE-DEPLOYMENT-ID="sac-02-portal" WAS-DEFAULT-HOSTNAME="sac-02-portal.scm.azurewebsites.net" X-Forwarded-Proto="https" X-AppService-Proto="https" X-Forwarded-TlsVersion="1.3" X-WAWS-Unencoded-URL="/api/zipdeploy?isAsync=true" >
  <step title="Cleanup Xml Logs" date="2025-11-04T16:22:23.530" /><!-- duration: 16ms -->
  <step title="ZipPushDeploy" date="2025-11-04T16:22:26.209" >
    <step title="ZipDeploy. Extract zip. " date="2025-11-04T16:22:26.330" /><!-- duration: 20ms -->
    <step title="Starting PushDeployAsync" date="2025-11-04T16:22:26.379" /><!-- duration: 12ms -->
    <step title="Updating shutdown sentinel last write time" date="2025-11-04T16:22:26.674" SemaphoreCount="7" /><!-- duration: 0ms -->
    <step title="LockFile &apos;C:\home\site\locks\deployments.lock&apos; acquired" date="2025-11-04T16:22:26.690" /><!-- duration: 0ms -->
    <step title="Saving request content to C:\local\Temp\zipdeploy\3ktragfp.zip" date="2025-11-04T16:22:26.801" >
      <step title="Total 15,973,533 bytes written to C:\local\Temp\zipdeploy\3ktragfp.zip" date="2025-11-04T16:22:27.694" /><!-- duration: 0ms -->
    </step><!-- duration: 905ms -->
    <step title="LockFile &apos;C:\home\site\locks\deployments.lock&apos; released" date="2025-11-04T16:22:27.721" /><!-- duration: 0ms -->
    <step title="Deleting shutdown sentinel file" date="2025-11-04T16:22:27.737" SemaphoreCount="8" /><!-- duration: 0ms -->
    <step title="Starting FetchDeploy" date="2025-11-04T16:22:27.752" /><!-- duration: 16ms -->
    <step title="Start deployment in the background" date="2025-11-04T16:22:27.784" /><!-- duration: 363ms -->
  </step><!-- duration: 1949ms -->
  <step title="Outgoing response" date="2025-11-04T16:22:28.409" type="response" statusCode="202" statusText="Accepted" Server="Microsoft-IIS/10.0" x-ms-request-id="6f2e9f72-b99a-11f0-b494-00155dd5f261" Retry-After="30" Cache-Control="private" X-AspNet-Version="4.0.30319" Location="https://sac-02-portal.scm.azurewebsites.net/api/deployments/latest?deployer=ZipDeploy&amp;time=2025-11-04_16-22-28Z" /><!-- duration: 80ms -->
</step><!-- duration: 4989ms -->
