<step title="Incoming Request" date="2025-10-30T19:50:24.741" instance="fb67a8" url="/api/publish?type=zip" method="POST" type="request" pid="8156,2,10" Cache-Control="no-cache" Content-Length="16143958" Content-Type="application/octet-stream" Accept="*/*" Accept-Encoding="gzip, deflate" Authorization="Bea..." Host="sac-02-portal.scm.azurewebsites.net" User-Agent="AZURECLI/2.77.0 (RPM)" x-ms-client-request-id="a932f814-b5c9-11f0-abe6-00155dd7e745" X-ARR-LOG-ID="a932f814-b5c9-11f0-abe6-00155dd7e745" CLIENT-IP="52.190.17.9:4183" X-SITE-DEPLOYMENT-ID="sac-02-portal" WAS-DEFAULT-HOSTNAME="sac-02-portal.scm.azurewebsites.net" X-Forwarded-Proto="https" X-AppService-Proto="https" X-Forwarded-TlsVersion="1.3" X-WAWS-Unencoded-URL="/api/publish?type=zip" >
  <step title="Cleanup Xml Logs" date="2025-10-30T19:50:24.741" /><!-- duration: 31ms -->
  <step title="OneDeploy" date="2025-10-30T19:50:27.635" >
    <step title="Starting PushDeployAsync" date="2025-10-30T19:50:27.787" /><!-- duration: 17ms -->
    <step title="Updating shutdown sentinel last write time" date="2025-10-30T19:50:28.024" SemaphoreCount="7" /><!-- duration: 30ms -->
    <step title="LockFile &apos;C:\home\site\locks\deployments.lock&apos; acquired" date="2025-10-30T19:50:28.074" /><!-- duration: 10ms -->
    <step title="Saving request content to C:\local\Temp\zipdeploy\4sir4fmm.zip" date="2025-10-30T19:50:28.116" >
      <step title="Total 16,143,958 bytes written to C:\local\Temp\zipdeploy\4sir4fmm.zip" date="2025-10-30T19:50:28.759" /><!-- duration: 13ms -->
    </step><!-- duration: 656ms -->
    <step title="LockFile &apos;C:\home\site\locks\deployments.lock&apos; released" date="2025-10-30T19:50:28.788" /><!-- duration: 0ms -->
    <step title="Deleting shutdown sentinel file" date="2025-10-30T19:50:28.803" SemaphoreCount="8" /><!-- duration: 0ms -->
    <step title="Starting FetchDeploy" date="2025-10-30T19:50:28.840" /><!-- duration: 10ms -->
    <step title="Attempting to fetch target branch HEAD" date="2025-10-30T19:50:28.866" /><!-- duration: 0ms -->
    <step title="Updating shutdown sentinel last write time" date="2025-10-30T19:50:28.881" SemaphoreCount="7" /><!-- duration: 16ms -->
    <step title="LockFile &apos;C:\home\site\locks\deployments.lock&apos; acquired" date="2025-10-30T19:50:28.897" /><!-- duration: 16ms -->
    <step title="Performing fetch based deployment" date="2025-10-30T19:50:28.944" >
      <step title="Creating temporary deployment" date="2025-10-30T19:50:28.975" /><!-- duration: 500ms -->
      <step title="Fetching changes." date="2025-10-30T19:50:29.745" /><!-- duration: 12ms -->
      <step title="Starting LocalZipHandler" date="2025-10-30T19:50:29.772" /><!-- duration: 0ms -->
      <step title="Starting LocalZipFetch" date="2025-10-30T19:50:29.788" /><!-- duration: 0ms -->
      <step title="Cleaning up temp folders from previous zip deployments and extracting pushed zip file C:\local\Temp\zipdeploy\4sir4fmm.zip (15.40 MB) to C:\local\Temp\zipdeploy\extracted" date="2025-10-30T19:50:29.803" /><!-- duration: 15ms -->
      <step title="Cleaning up temp folders from previous zip deployments and extracting pushed zip file C:\local\Temp\zipdeploy\4sir4fmm.zip (15.40 MB) to C:\local\Temp\zipdeploy\extracted" date="2025-10-30T19:50:29.819" >
        <step title="Extracting 189 entries to C:\local\Temp\zipdeploy\extracted directory" date="2025-10-30T19:50:29.885" >
          <step title="Extracting to C:\local\Temp\zipdeploy\extracted\cs\Microsoft.CodeAnalysis.CSharp.resources.dll ..." date="2025-10-30T19:50:29.897" /><!-- duration: 78ms -->
          <step title="Extracting to C:\local\Temp\zipdeploy\extracted\cs\Microsoft.CodeAnalysis.resources.dll ..." date="2025-10-30T19:50:29.975" /><!-- duration: 16ms -->
          <step title="Extracting to C:\local\Temp\zipdeploy\extracted\de\Microsoft.CodeAnalysis.CSharp.resources.dll ..." date="2025-10-30T19:50:29.991" /><!-- duration: 126ms -->
          <step title="Extracting to C:\local\Temp\zipdeploy\extracted\de\Microsoft.CodeAnalysis.resources.dll ..." date="2025-10-30T19:50:30.137" /><!-- duration: 26ms -->
          <step title="Extracting to C:\local\Temp\zipdeploy\extracted\de\Microsoft.Data.SqlClient.resources.dll ..." date="2025-10-30T19:50:30.163" /><!-- duration: 16ms -->
          <step title="Omitting extracting file traces ..." date="2025-10-30T19:50:30.197" /><!-- duration: 13ms -->
        </step><!-- duration: 4028ms -->
      </step><!-- duration: 4172ms -->
      <step title="None repository commit" date="2025-10-30T19:50:34.011" >
        <step title="Commit id: 52567ee3e94449d498ba5c7bf6e8a377" date="2025-10-30T19:50:34.022" Message="OneDeploy" AuthorName="N/A" AuthorEmail="N/A" /><!-- duration: 0ms -->
      </step><!-- duration: 27ms -->
      <step title="Before sending BuildRequestReceived status to /api/updatedeploystatus" date="2025-10-30T19:50:34.038" /><!-- duration: 0ms -->
      <step title="DeploymentManager.Deploy(id:52567ee3e94449d498ba5c7bf6e8a377)" date="2025-10-30T19:50:34.072" >
        <step title="Collecting changeset information" date="2025-10-30T19:50:34.102" /><!-- duration: 171ms -->
        <step title="Updating submodules" date="2025-10-30T19:50:34.303" >
          <step title="Updating submodules." date="2025-10-30T19:50:34.383" /><!-- duration: 14ms -->
        </step><!-- duration: 110ms -->
        <step title="Preparing deployment for commit id &apos;52567ee3e9&apos;." date="2025-10-30T19:50:34.524" /><!-- duration: 0ms -->
        <step title="Determining deployment builder" date="2025-10-30T19:50:34.616" >
          <step title="Builder is OneDeployBuilder" date="2025-10-30T19:50:34.649" /><!-- duration: 0ms -->
        </step><!-- duration: 47ms -->
        <step title="Copying SSH keys" date="2025-10-30T19:50:34.709" /><!-- duration: 31ms -->
        <step title="Building" date="2025-10-30T19:50:34.741" >
          <step title="Running build. Project type: OneDeploy" date="2025-10-30T19:50:34.819" /><!-- duration: 16ms -->
          <step title="Copying the manifest" date="2025-10-30T19:50:34.913" /><!-- duration: 15ms -->
          <step title="Clean deploying to C:\home\site\wwwroot" date="2025-10-30T19:50:35.038" /><!-- duration: 16ms -->
          <step title="Generating deployment script." date="2025-10-30T19:50:35.366" /><!-- duration: 18ms -->
          <step title="Generating deployment script" date="2025-10-30T19:50:35.414" >
            <step title="Using the following command to generate deployment script: &apos;azure site deploymentscript -y --no-dot-deployment -r &quot;C:\local\Temp\zipdeploy\extracted&quot; -o &quot;C:\home\site\deployments\tools&quot; --basic --sitePath &quot;C:\local\Temp\zipdeploy\extracted&quot;&apos;." date="2025-10-30T19:50:35.616" /><!-- duration: 18ms -->
            <step title="Executing external process" date="2025-10-30T19:50:35.663" type="process" path="starter.cmd" arguments="&quot;C:\Program Files (x86)\SiteExtensions\Kudu\2025.09.1.1\bin\node_modules\.bin\kuduscript.cmd&quot; -y --no-dot-deployment -r &quot;C:\local\Temp\zipdeploy\extracted&quot; -o &quot;C:\home\site\deployments\tools&quot; --basic --sitePath &quot;C:\local\Temp\zipdeploy\extracted&quot;" >
              <step title="Generating deployment script for Web Site" date="2025-10-30T19:50:36.585" /><!-- duration: 16ms -->
            </step><!-- duration: 938ms -->
            <step title="Saved cached version of the deployment script for command -y --no-dot-deployment -r &quot;C:\local\Temp\zipdeploy\extracted&quot; -o &quot;C:\home\site\deployments\tools&quot; --basic --sitePath &quot;C:\local\Temp\zipdeploy\extracted&quot;" date="2025-10-30T19:50:36.631" /><!-- duration: 0ms -->
          </step><!-- duration: 1233ms -->
          <step title="Running deployment command..." date="2025-10-30T19:50:36.741" /><!-- duration: 18ms -->
          <step title="Command: &quot;C:\home\site\deployments\tools\deploy.cmd&quot;" date="2025-10-30T19:50:36.788" /><!-- duration: 19ms -->
          <step title="Executing external process" date="2025-10-30T19:50:36.819" type="process" path="starter.cmd" arguments="&quot;C:\home\site\deployments\tools\deploy.cmd&quot;" >
            <step title="Handling Basic Web Site deployment." date="2025-10-30T19:50:39.975" /><!-- duration: 18ms -->
            <step title="Creating app_offline.htm" date="2025-10-30T19:50:40.054" /><!-- duration: 31ms -->
            <step title="KuduSync.NET from: &apos;C:\local\Temp\zipdeploy\extracted&apos; to: &apos;C:\home\site\wwwroot&apos;" date="2025-10-30T19:50:40.194" /><!-- duration: 18ms -->
            <step title="Deleting file: &apos;hostingstart.html&apos;" date="2025-10-30T19:50:40.303" /><!-- duration: 31ms -->
            <step title="Copying file: &apos;appsettings.json&apos;" date="2025-10-30T19:50:40.413" /><!-- duration: 20ms -->
            <step title="Copying file: &apos;Azure.Core.dll&apos;" date="2025-10-30T19:50:40.493" /><!-- duration: 13ms -->
            <step title="Copying file: &apos;Azure.Identity.dll&apos;" date="2025-10-30T19:50:40.695" /><!-- duration: 31ms -->
            <step title="Copying file: &apos;CustomerSite&apos;" date="2025-10-30T19:50:40.775" /><!-- duration: 13ms -->
            <step title="Copying file: &apos;CustomerSite.deps.json&apos;" date="2025-10-30T19:50:40.856" /><!-- duration: 10ms -->
            <step title="Copying file: &apos;CustomerSite.dll&apos;" date="2025-10-30T19:50:40.928" /><!-- duration: 17ms -->
            <step title="Copying file: &apos;CustomerSite.pdb&apos;" date="2025-10-30T19:50:41.006" /><!-- duration: 37ms -->
            <step title="Copying file: &apos;CustomerSite.runtimeconfig.json&apos;" date="2025-10-30T19:50:41.073" /><!-- duration: 27ms -->
            <step title="Copying file: &apos;DataAccess.dll&apos;" date="2025-10-30T19:50:41.163" /><!-- duration: 159ms -->
            <step title="Copying file: &apos;DataAccess.pdb&apos;" date="2025-10-30T19:50:41.461" /><!-- duration: 0ms -->
            <step title="Copying file: &apos;Microsoft.AspNetCore.Authentication.OpenIdConnect.dll&apos;" date="2025-10-30T19:50:41.522" /><!-- duration: 19ms -->
            <step title="Copying file: &apos;Microsoft.AspNetCore.JsonPatch.dll&apos;" date="2025-10-30T19:50:41.617" /><!-- duration: 0ms -->
            <step title="Copying file: &apos;Microsoft.Bcl.AsyncInterfaces.dll&apos;" date="2025-10-30T19:50:41.667" /><!-- duration: 11ms -->
            <step title="Copying file: &apos;Microsoft.CodeAnalysis.CSharp.dll&apos;" date="2025-10-30T19:50:41.727" /><!-- duration: 20ms -->
            <step title="Copying file: &apos;Microsoft.CodeAnalysis.dll&apos;" date="2025-10-30T19:50:41.788" /><!-- duration: 19ms -->
            <step title="Copying file: &apos;Microsoft.Data.SqlClient.dll&apos;" date="2025-10-30T19:50:41.835" /><!-- duration: 20ms -->
            <step title="Copying file: &apos;Microsoft.EntityFrameworkCore.Abstractions.dll&apos;" date="2025-10-30T19:50:41.897" /><!-- duration: 18ms -->
            <step title="Copying file: &apos;Microsoft.EntityFrameworkCore.dll&apos;" date="2025-10-30T19:50:41.960" /><!-- duration: 16ms -->
            <step title="Copying file: &apos;Microsoft.EntityFrameworkCore.Relational.dll&apos;" date="2025-10-30T19:50:42.055" /><!-- duration: 30ms -->
            <step title="Copying file: &apos;Microsoft.EntityFrameworkCore.SqlServer.dll&apos;" date="2025-10-30T19:50:42.164" /><!-- duration: 20ms -->
            <step title="Copying file: &apos;Microsoft.Extensions.DependencyInjection.Abstractions.dll&apos;" date="2025-10-30T19:50:42.288" /><!-- duration: 17ms -->
            <step title="Copying file: &apos;Microsoft.Extensions.DependencyModel.dll&apos;" date="2025-10-30T19:50:42.366" /><!-- duration: 19ms -->
            <step title="Copying file: &apos;Microsoft.Extensions.Logging.Abstractions.dll&apos;" date="2025-10-30T19:50:42.428" /><!-- duration: 0ms -->
            <step title="Copying file: &apos;Microsoft.Identity.Client.dll&apos;" date="2025-10-30T19:50:42.460" /><!-- duration: 49ms -->
            <step title="Copying file: &apos;Microsoft.Identity.Client.Extensions.Msal.dll&apos;" date="2025-10-30T19:50:42.569" /><!-- duration: 69ms -->
            <step title="Copying file: &apos;Microsoft.IdentityModel.Abstractions.dll&apos;" date="2025-10-30T19:50:42.728" /><!-- duration: 80ms -->
            <step title="Copying file: &apos;Microsoft.IdentityModel.JsonWebTokens.dll&apos;" date="2025-10-30T19:50:42.991" /><!-- duration: 19ms -->
            <step title="Copying file: &apos;Microsoft.IdentityModel.Logging.dll&apos;" date="2025-10-30T19:50:43.070" /><!-- duration: 20ms -->
            <step title="Copying file: &apos;Microsoft.IdentityModel.Protocols.dll&apos;" date="2025-10-30T19:50:43.131" /><!-- duration: 19ms -->
            <step title="Copying file: &apos;Microsoft.IdentityModel.Protocols.OpenIdConnect.dll&apos;" date="2025-10-30T19:50:43.210" /><!-- duration: 80ms -->
            <step title="Copying file: &apos;Microsoft.IdentityModel.Tokens.dll&apos;" date="2025-10-30T19:50:43.510" /><!-- duration: 390ms -->
            <step title="Copying file: &apos;Microsoft.Marketplace.dll&apos;" date="2025-10-30T19:50:44.168" /><!-- duration: 120ms -->
            <step title="Copying file: &apos;Microsoft.SqlServer.Server.dll&apos;" date="2025-10-30T19:50:44.479" /><!-- duration: 90ms -->
            <step title="Copying file: &apos;Microsoft.Win32.SystemEvents.dll&apos;" date="2025-10-30T19:50:44.760" /><!-- duration: 59ms -->
            <step title="Copying file: &apos;Newtonsoft.Json.Bson.dll&apos;" date="2025-10-30T19:50:44.898" /><!-- duration: 20ms -->
            <step title="Copying file: &apos;Newtonsoft.Json.dll&apos;" date="2025-10-30T19:50:44.960" /><!-- duration: 18ms -->
            <step title="Copying file: &apos;Services.dll&apos;" date="2025-10-30T19:50:45.007" /><!-- duration: 31ms -->
            <step title="Copying file: &apos;Services.pdb&apos;" date="2025-10-30T19:50:45.085" /><!-- duration: 20ms -->
            <step title="Copying file: &apos;System.ClientModel.dll&apos;" date="2025-10-30T19:50:45.147" /><!-- duration: 0ms -->
            <step title="Copying file: &apos;System.Collections.Immutable.dll&apos;" date="2025-10-30T19:50:45.260" /><!-- duration: 30ms -->
            <step title="Copying file: &apos;System.Configuration.ConfigurationManager.dll&apos;" date="2025-10-30T19:50:45.339" /><!-- duration: 11ms -->
            <step title="Copying file: &apos;System.Drawing.Common.dll&apos;" date="2025-10-30T19:50:45.382" /><!-- duration: 17ms -->
            <step title="Copying file: &apos;System.IdentityModel.Tokens.Jwt.dll&apos;" date="2025-10-30T19:50:45.428" /><!-- duration: 18ms -->
            <step title="Copying file: &apos;System.IO.Pipelines.dll&apos;" date="2025-10-30T19:50:45.476" /><!-- duration: 0ms -->
            <step title="Copying file: &apos;System.Linq.Async.dll&apos;" date="2025-10-30T19:50:45.525" /><!-- duration: 13ms -->
            <step title="Copying file: &apos;System.Memory.Data.dll&apos;" date="2025-10-30T19:50:45.569" /><!-- duration: 16ms -->
            <step title="Copying file: &apos;System.Reflection.Metadata.dll&apos;" date="2025-10-30T19:50:45.616" /><!-- duration: 31ms -->
            <step title="Omitting next output lines..." date="2025-10-30T19:50:45.695" /><!-- duration: 14ms -->
            <step title="Finished successfully." date="2025-10-30T19:50:46.714" /><!-- duration: 12ms -->
          </step><!-- duration: 9938ms -->
          <step title="Build completed succesfully." date="2025-10-30T19:50:46.820" /><!-- duration: 0ms -->
          <step title="Running post deployment command(s)..." date="2025-10-30T19:50:46.928" /><!-- duration: 0ms -->
          <step title="Requesting site restart" date="2025-10-30T19:50:47.085" /><!-- duration: 20ms -->
          <step title="Requesting site restart" date="2025-10-30T19:50:47.135" /><!-- duration: 12ms -->
          <step title="Requesting site restart. Attempt #1" date="2025-10-30T19:50:47.247" /><!-- duration: 41ms -->
          <step title="Requesting site restart. Attempt #1" date="2025-10-30T19:50:47.337" /><!-- duration: 30ms -->
          <step title="Successfully requested a restart. Attempt #1" date="2025-10-30T19:50:49.069" /><!-- duration: 0ms -->
          <step title="Successfully requested a restart. Attempt #1" date="2025-10-30T19:50:49.085" /><!-- duration: 0ms -->
          <step title="Deployment successful. DEPLOYMENTINFO: deploymentPath = OneDeploy, deployer = OneDeploy, os = windows, sku = Basic, siteName = sac-02-portal, siteHostName = sac-02-portal.azurewebsites.net, deploymentStatus = Success" date="2025-10-30T19:50:49.163" /><!-- duration: 0ms -->
        </step><!-- duration: 14723ms -->
      </step><!-- duration: 15404ms -->
      <step title="Cleaning up temp files" date="2025-10-30T19:50:49.491" /><!-- duration: 0ms -->
      <step title="Skip function trigger and logicapp sync because function is not enabled." date="2025-10-30T19:50:49.523" /><!-- duration: 0ms -->
    </step><!-- duration: 20641ms -->
    <step title="LockFile &apos;C:\home\site\locks\deployments.lock&apos; released" date="2025-10-30T19:50:49.601" /><!-- duration: 0ms -->
    <step title="Deleting shutdown sentinel file" date="2025-10-30T19:50:49.616" SemaphoreCount="8" /><!-- duration: 0ms -->
  </step><!-- duration: 21997ms -->
  <step title="Outgoing response" date="2025-10-30T19:50:49.681" type="response" statusCode="200" statusText="OK" Server="Microsoft-IIS/10.0" x-ms-request-id="a932f814-b5c9-11f0-abe6-00155dd7e745" Cache-Control="private" X-AspNet-Version="4.0.30319" /><!-- duration: 13ms -->
</step><!-- duration: 24954ms -->
