﻿<?xml version="1.0" encoding="utf-8"?>
<deployment>
  <id>d7e43da1c7744de29e91ff7cfdf15753</id>
  <author>N/A</author>
  <deployer>ZipDeploy</deployer>
  <authorEmail>N/A</authorEmail>
  <message>Created via a push deployment</message>
  <progress></progress>
  <status>Failed</status>
  <statusText></statusText>
  <lastSuccessEndTime />
  <receivedTime>2025-11-04T16:22:32.8624569Z</receivedTime>
  <startTime>2025-11-04T16:22:33.7061588Z</startTime>
  <endTime>2025-11-04T16:22:41.8299516Z</endTime>
  <complete>True</complete>
  <is_temp>False</is_temp>
  <is_readonly>True</is_readonly>
  <project_type>BASIC</project_type>
  <vsproject_id></vsproject_id>
</deployment>