﻿<?xml version="1.0" encoding="utf-8"?>
<deployment>
  <id>0a6a564ef473492389fa1c928341ae3a</id>
  <author>N/A</author>
  <deployer>OneDeploy</deployer>
  <authorEmail>N/A</authorEmail>
  <message>OneDeploy</message>
  <progress></progress>
  <status>Success</status>
  <statusText></statusText>
  <lastSuccessEndTime>2025-11-04T13:44:17.3463667Z</lastSuccessEndTime>
  <receivedTime>2025-11-04T13:44:02.6099084Z</receivedTime>
  <startTime>2025-11-04T13:44:03.0161643Z</startTime>
  <endTime>2025-11-04T13:44:17.3463667Z</endTime>
  <complete>True</complete>
  <is_temp>False</is_temp>
  <is_readonly>True</is_readonly>
  <project_type>OneDeploy</project_type>
  <vsproject_id></vsproject_id>
</deployment>